full_audio_path,ref_text_cleaned,pred_text_cleaned,cer,cluster,duration,speed,snr
G:\ruc\MY_ASR\02-metric测试\sichuan\wav\G0001\G0001_0009.wav,三国吴国顾雍是个什么样的人,三国无国雇庸是个什么样的人,0.2308,1,3.3846875,3.8408272551010985,51.076515
G:\ruc\MY_ASR\02-metric测试\sichuan\wav\G0001\G0001_0012.wav,天起越热药味就弥漫得越快这说明,天气越热药味儿就弥漫得越快这说明,0.1333,1,7.88,2.1573604060913705,43.048634
G:\ruc\MY_ASR\02-metric测试\sichuan\wav\G0001\G0001_0015.wav,人死后去哪里了,认死后去哪里了,0.1429,1,3.11725,2.566364584168739,45.51918
G:\ruc\MY_ASR\02-metric测试\sichuan\wav\G0001\G0001_0020.wav,姿生堂亮透白系列亮白活肤泡沫怎么样,资神糖亮透白系列亮白活肤泡沫怎么样,0.1765,1,3.0275625,2.9726884250944448,55.954292
G:\ruc\MY_ASR\02-metric测试\sichuan\wav\G0001\G0001_0021.wav,为什么我家的电脑玩跑跑卡丁车屏幕超晃,为什么我家的电脑玩儿跑跑卡丁车屏幕超黄,0.1111,1,3.9070625,2.8154143938060883,51.021126
G:\ruc\MY_ASR\02-metric测试\sichuan\wav\G0001\G0001_0025.wav,在知道里如何关闭我的题问,在知道你如何关闭我的提问,0.1667,1,3.303875,3.026748893344936,53.049736
G:\ruc\MY_ASR\02-metric测试\sichuan\wav\G0001\G0001_0027.wav,掉头发给支支招啊,调头发该猪治找啊,0.625,1,3.3261875,3.3070895732727035,50.385586
G:\ruc\MY_ASR\02-metric测试\sichuan\wav\G0001\G0001_0029.wav,我想知道掘金队安东尼的资料,我想知道掘境对安东尼的治疗,0.3077,1,4.4025,3.8614423622941514,55.070984
G:\ruc\MY_ASR\02-metric测试\sichuan\wav\G0001\G0001_0031.wav,显示器摇的厉害,显示器要得厉害,0.2857,1,2.3775625,2.523592965484609,53.862835
G:\ruc\MY_ASR\02-metric测试\sichuan\wav\G0001\G0001_0032.wav,星际争霸哪儿能下载,星际争霸哪能下载,0.1111,1,2.589125,3.0898469560179596,54.90084
G:\ruc\MY_ASR\02-metric测试\sichuan\wav\G0001\G0001_0034.wav,沙龙是什么东西呀,啥龙是什么东西啊,0.25,1,4.510125,3.1041268257531662,52.029728
G:\ruc\MY_ASR\02-metric测试\sichuan\wav\G0001\G0001_0037.wav,失业时应该做些什么,失夜时应该做些什么,0.1111,1,3.8609375,3.6260623229461757,48.991707
G:\ruc\MY_ASR\02-metric测试\sichuan\wav\G0001\G0001_0041.wav,七仙女灵石在株洲哪有买,七仙女零食在株洲哪有买,0.1818,1,3.1250625,2.5599488010239795,55.18329
G:\ruc\MY_ASR\02-metric测试\sichuan\wav\G0001\G0001_0049.wav,多少度带围巾,多少度戴围巾,0.1667,1,2.7399375,3.2847464586327244,45.499855
G:\ruc\MY_ASR\02-metric测试\sichuan\wav\G0001\G0001_0050.wav,从火车站到上海世博会议大酒店怎么走啊,从火车站到上海世博汇颐大酒店怎么走啊,0.1111,1,2.2774375,2.6345399160240404,49.524864
G:\ruc\MY_ASR\02-metric测试\sichuan\wav\G0001\G0001_0059.wav,寄宿学校宿舍有什么规矩,技术学校宿舍有什么规矩,0.1818,1,2.8415,2.8154143938060883,54.35607
G:\ruc\MY_ASR\02-metric测试\sichuan\wav\G0001\G0001_0062.wav,国庆节六天去哪儿玩好,国庆节六天去哪儿玩儿哈,0.2,1,4.974875,3.618181361340737,49.34744
G:\ruc\MY_ASR\02-metric测试\sichuan\wav\G0001\G0001_0067.wav,最欣赏笔笔的什么,最欣赏笔的什么,0.125,1,2.6235,2.6681913474366303,52.400764
G:\ruc\MY_ASR\02-metric测试\sichuan\wav\G0001\G0001_0070.wav,木马杀客下载地址在哪呀,木马萨克下载地址在哪呀,0.1818,1,2.2719375,2.6409177189073203,51.06945
G:\ruc\MY_ASR\02-metric测试\sichuan\wav\G0001\G0001_0071.wav,出汗了要马上擦吗,出汗了要马上擦嘛,0.125,1,2.315875,3.0226156420359476,54.853024
G:\ruc\MY_ASR\02-metric测试\sichuan\wav\G0001\G0001_0074.wav,北京哪里有批发精仿运动嚡鞋的地方啊,北京哪里有批发金纺运动鞋的地方啊,0.1765,1,3.4616875,3.1776409626807736,52.458122
G:\ruc\MY_ASR\02-metric测试\sichuan\wav\G0001\G0001_0084.wav,春节将至想为公司求副对联庆祝,春节将至想为公司求服对联儿庆祝,0.1429,1,2.871125,2.0897731725368973,43.220272
G:\ruc\MY_ASR\02-metric测试\sichuan\wav\G0001\G0001_0089.wav,交城有名人吗,教城有名人吗,0.1667,1,3.828625,3.917855627020144,49.666424
G:\ruc\MY_ASR\02-metric测试\sichuan\wav\G0001\G0001_0099.wav,头发怎么样长的快,头发怎么样长得快,0.125,1,3.069875,2.931715460727228,54.992104
G:\ruc\MY_ASR\02-metric测试\sichuan\wav\G0001\G0001_0100.wav,为什么地球有引力,为什么地球有阴义,0.25,1,2.727,2.933626696002934,55.29615
G:\ruc\MY_ASR\02-metric测试\sichuan\wav\G0001\G0001_0103.wav,运行了蓝郁恢复精灵退不出来了,运行了难渝恢复精灵退不出来了,0.1429,1,4.2831875,4.202477710817002,47.3257
G:\ruc\MY_ASR\02-metric测试\sichuan\wav\G0001\G0001_0107.wav,猪的胰岛在什么位置,猪的一刀在什么位置,0.2222,1,3.6996875,3.784103387110398,50.525974
G:\ruc\MY_ASR\02-metric测试\sichuan\wav\G0001\G0001_0112.wav,网上靠包子是什么意思,网上call包子是什么意思,0.4,1,2.5050625,3.193533095481649,52.738857
G:\ruc\MY_ASR\02-metric测试\sichuan\wav\G0001\G0001_0120.wav,娥佩兰的调量睫毛膏效果怎么样,欧佩兰的调亮睫毛膏效果怎么样,0.1429,1,2.867875,2.789521858518938,46.196285
G:\ruc\MY_ASR\02-metric测试\sichuan\wav\G0001\G0001_0127.wav,太岁到底长什么样,太水到底长什么样,0.125,1,3.293125,4.251281078003417,53.228874
G:\ruc\MY_ASR\02-metric测试\sichuan\wav\G0001\G0001_0138.wav,太原哪里可以买到多威马拉松还鞋,太原哪里可以买到多维嘛拉松鞋,0.2,1,2.667125,3.3744200215587945,52.616432
G:\ruc\MY_ASR\02-metric测试\sichuan\wav\G0001\G0001_0140.wav,姜志焕的年龄是多少,江志涣的年龄是多少,0.2222,1,2.892875,3.456768785377868,52.615273
G:\ruc\MY_ASR\02-metric测试\sichuan\wav\G0001\G0001_0146.wav,百家姓中有比姓吗,搬家心中有比性吗,0.375,1,5.32,2.255639097744361,44.715996
G:\ruc\MY_ASR\02-metric测试\sichuan\wav\G0001\G0001_0147.wav,减肥有平台期吗,减肥有平台去吗,0.1429,1,2.6259375,2.6657146257289064,55.226154
G:\ruc\MY_ASR\02-metric测试\sichuan\wav\G0001\G0001_0155.wav,五十铃皮卡怎么样,五四铃皮卡怎么样,0.125,1,2.3855,2.934395304967512,55.835083
G:\ruc\MY_ASR\02-metric测试\sichuan\wav\G0001\G0001_0167.wav,是脱鞋进机房好还是穿鞋套进机房好,是拖鞋竞机房好还是穿鞋套竞技防好,0.3125,1,2.476125,2.8269978292695237,53.617043
G:\ruc\MY_ASR\02-metric测试\sichuan\wav\G0001\G0001_0169.wav,为什么叫水族馆这个族是什么意思,为什么叫水族管这个竹是什么意思,0.1333,1,3.295875,3.337505214851898,50.433266
G:\ruc\MY_ASR\02-metric测试\sichuan\wav\G0001\G0001_0174.wav,环节动物和节肢动物是什么,缓解动物和节肢动物是什么,0.1667,1,3.4183125,4.095588100853857,51.92877
G:\ruc\MY_ASR\02-metric测试\sichuan\wav\G0001\G0001_0175.wav,容国团站在领奖台上心里默默地在想什么,荣国团站在领奖台上心里莫默的在想什么,0.1667,1,2.5936875,3.4699631316417263,55.12523
G:\ruc\MY_ASR\02-metric测试\sichuan\wav\G0001\G0001_0179.wav,在绍兴市区哪里有买印石,在绍兴市区哪里有买硬食,0.1818,1,2.5,2.8,53.898907
G:\ruc\MY_ASR\02-metric测试\sichuan\wav\G0001\G0001_0180.wav,我国唐代的画圣是谁,我国唐代的华圣是谁,0.1111,1,4.6131875,3.4683177304195847,50.482414
G:\ruc\MY_ASR\02-metric测试\sichuan\wav\G0001\G0001_0181.wav,老饿怎么办呀,老后么办,0.5,1,3.91,3.836317135549872,52.30669
G:\ruc\MY_ASR\02-metric测试\sichuan\wav\G0001\G0001_0185.wav,北京柒牌专卖在哪儿,北京棋牌专卖在哪了,0.2222,1,3.82,2.356020942408377,54.59848
G:\ruc\MY_ASR\02-metric测试\sichuan\wav\G0001\G0001_0195.wav,我和鲁迅比童年,我和鲁迅比同年,0.1429,1,3.58,2.793296089385475,42.59246
G:\ruc\MY_ASR\02-metric测试\sichuan\wav\G0001\G0001_0201.wav,小鱼烂尾巴怎么办,小鱼烂尾巴办,0.25,1,4.43,3.160270880361174,71.604065
G:\ruc\MY_ASR\02-metric测试\sichuan\wav\G0001\G0001_0204.wav,文言文奇鹰翻译,文言文其应翻译,0.2857,1,4.21,2.8503562945368173,59.298508
G:\ruc\MY_ASR\02-metric测试\sichuan\wav\G0001\G0001_0209.wav,为什么叫吉烈猪扒,为什么叫纪念猪扒,0.25,1,4.84,3.512396694214876,53.39476
G:\ruc\MY_ASR\02-metric测试\sichuan\wav\G0001\G0001_0213.wav,众数的英文怎么说,棕树的英文怎么说,0.25,1,2.9,2.0689655172413794,72.31936
G:\ruc\MY_ASR\02-metric测试\sichuan\wav\G0001\G0001_0233.wav,数学解绝对值不等式,数学解决对值不等式,0.1111,1,5.56,3.2374100719424463,45.075077
G:\ruc\MY_ASR\02-metric测试\sichuan\wav\G0001\G0001_0235.wav,工作了可以忘记她但是一有时间却心里烦,工作了可以忘记他但是一有时间缺心里烦,0.1111,1,4.87,3.080082135523614,56.24544
G:\ruc\MY_ASR\02-metric测试\sichuan\wav\G0001\G0001_0242.wav,如何成为一名律师,如何成为一名女士,0.25,1,3.58,2.5139664804469275,65.15202
G:\ruc\MY_ASR\02-metric测试\sichuan\wav\G0001\G0001_0250.wav,不同的光波是否相同,不同的光播是否相同,0.1111,1,4.93,3.6511156186612577,50.459953
G:\ruc\MY_ASR\02-metric测试\sichuan\wav\G0001\G0001_0252.wav,热血江湖的刀客加点如何加为什么是反刀,热血江湖的刀客加点如何夹为什么是反盗,0.1111,1,2.65,2.6415094339622645,68.90959
G:\ruc\MY_ASR\02-metric测试\sichuan\wav\G0001\G0001_0256.wav,新鬼武者梦之觉醒有密集和调和表,新归舞者梦之觉醒有秘籍和调和表,0.2667,1,4.36,3.6697247706422016,58.318523
G:\ruc\MY_ASR\02-metric测试\sichuan\wav\G0001\G0001_0258.wav,女的抽烟的多吗,女的抽烟的多嘛,0.1429,1,3.31,2.1148036253776437,63.844242
G:\ruc\MY_ASR\02-metric测试\sichuan\wav\G0001\G0001_0262.wav,上补习班有必要吗,上补戏班有必要吗,0.125,1,2.89,2.7681660899653977,65.102585
G:\ruc\MY_ASR\02-metric测试\sichuan\wav\G0001\G0001_0267.wav,买哪个手机比较好,买个手机比较好,0.125,1,3.52,2.840909090909091,65.11344
G:\ruc\MY_ASR\02-metric测试\sichuan\wav\G0001\G0001_0268.wav,昏睡病的资料,昏睡病的治料,0.1667,1,3.76,2.925531914893617,65.44147
G:\ruc\MY_ASR\02-metric测试\sichuan\wav\G0001\G0001_0279.wav,怎么甩一个女生,怎么甩一个女神,0.1429,1,4.6,3.2608695652173916,64.34488
G:\ruc\MY_ASR\02-metric测试\sichuan\wav\G0001\G0001_0281.wav,肱三头肌怎么练啊,弓三头肌怎么练啊,0.125,1,4.45,2.9213483146067416,52.20066
G:\ruc\MY_ASR\02-metric测试\sichuan\wav\G0001\G0001_0282.wav,四大爱情经典指什么,十大爱情经典指什么,0.1111,1,3.61,3.32409972299169,54.474712
G:\ruc\MY_ASR\02-metric测试\sichuan\wav\G0001\G0001_0290.wav,宠物鼠误食瓜子皮怎么办,宠物鼠饿视瓜子皮怎么办,0.1818,1,5.0,3.0,42.079998
G:\ruc\MY_ASR\02-metric测试\sichuan\wav\G0001\G0001_0300.wav,女子十二乐坊的旧专辑哪有的卖啊,女子十二月放的旧专辑哪有的卖啊,0.1333,1,4.63,3.4557235421166306,62.45895
G:\ruc\MY_ASR\02-metric测试\sichuan\wav\G0001\G0001_0301.wav,英二国一或者国二是在哪集出现的,因二国一或者国二是在垃圾出现的,0.2,1,3.46,2.023121387283237,63.75525
G:\ruc\MY_ASR\02-metric测试\sichuan\wav\G0001\G0001_0304.wav,二次函数根的分布,二次函数根你分布,0.125,1,4.03,2.729528535980149,67.81662
G:\ruc\MY_ASR\02-metric测试\sichuan\wav\G0001\G0001_0313.wav,处女都会流血吗几率是多少,村里都会流血吗几率是多少,0.1667,1,3.19,2.5078369905956115,53.819405
G:\ruc\MY_ASR\02-metric测试\sichuan\wav\G0001\G0001_0318.wav,梁咏琪哪首歌好听,梁咏琪首歌好听,0.125,1,4.8,3.125,48.957626
G:\ruc\MY_ASR\02-metric测试\sichuan\wav\G0001\G0001_0321.wav,教我些养花的方法吧,教我写养花的方法吧,0.1111,1,3.97,3.27455919395466,52.389694
G:\ruc\MY_ASR\02-metric测试\sichuan\wav\G0001\G0001_0322.wav,排队上厕所猜一地名,排队上厕所猜以地名,0.1111,1,4.84,3.3057851239669422,62.73616
G:\ruc\MY_ASR\02-metric测试\sichuan\wav\G0001\G0001_0324.wav,南京哪里有狗市我想买约克夏,南京哪里有狗屎我想买约克下,0.1538,1,3.02,2.3178807947019866,63.797855
G:\ruc\MY_ASR\02-metric测试\sichuan\wav\G0001\G0001_0325.wav,人生之中何解,人生之中何劫,0.1667,1,4.07,1.7199017199017197,48.47973
G:\ruc\MY_ASR\02-metric测试\sichuan\wav\G0001\G0001_0326.wav,石家庄奥菲尔模特公司怎样,石家庄菲模特公司怎样,0.1667,1,3.27,2.7522935779816513,52.159237
G:\ruc\MY_ASR\02-metric测试\sichuan\wav\G0001\G0001_0329.wav,大连买房给落户口吗,大连买房给罗户口嘛,0.2222,1,3.58,2.5139664804469275,69.448746
G:\ruc\MY_ASR\02-metric测试\sichuan\wav\G0001\G0001_0347.wav,下那个版本的免费迅雷最好,下哪个版本的免费训列最好,0.25,1,4.93,2.636916835699797,65.29649
G:\ruc\MY_ASR\02-metric测试\sichuan\wav\G0001\G0001_0350.wav,包皮上长了几个蚊子块一样的东西,包皮上长了几个文字块一样的东西,0.1333,1,5.78,2.422145328719723,48.059944
G:\ruc\MY_ASR\02-metric测试\sichuan\wav\G0001\G0001_0358.wav,怎样织围巾的穗啊,怎样子围巾的税啊,0.25,1,3.1,2.5806451612903225,58.31437
G:\ruc\MY_ASR\02-metric测试\sichuan\wav\G0001\G0001_0366.wav,何为凸形坡何谓凹形坡,何为凸心坡何为凹心坡,0.3,1,2.77,2.888086642599278,55.924957
G:\ruc\MY_ASR\02-metric测试\sichuan\wav\G0001\G0001_0368.wav,是玉米先为难凉粉还是凉粉先为难玉米,是玉米纤维栏凉份儿还是凉份儿纤维难玉米,0.5294,1,3.22,2.795031055900621,58.089195
G:\ruc\MY_ASR\02-metric测试\sichuan\wav\G0001\G0001_0369.wav,什么是酱缸定力,什么是降岗定理,0.4286,1,3.4,2.6470588235294117,56.40078
G:\ruc\MY_ASR\02-metric测试\sichuan\wav\G0001\G0001_0373.wav,汉地适宜种什么农作物,旱地是一种什么农作物,0.3,1,4.75,3.1578947368421053,54.354053
G:\ruc\MY_ASR\02-metric测试\sichuan\wav\G0001\G0001_0377.wav,磨沙皮怎么清洗,磨砂皮怎么清洗,0.1429,1,3.28,2.7439024390243905,53.720203
G:\ruc\MY_ASR\02-metric测试\sichuan\wav\G0001\G0001_0386.wav,呛司呛司伴奏哪里下载,强势强势伴奏哪里下载,0.4,1,4.04,3.4653465346534653,53.20578
G:\ruc\MY_ASR\02-metric测试\sichuan\wav\G0001\G0001_0387.wav,如何使肌肤变白深层的变白,如果使肌肤变白深沉地变白,0.25,1,3.28,3.048780487804878,53.768097
G:\ruc\MY_ASR\02-metric测试\sichuan\wav\G0001\G0001_0389.wav,杭州哪里有买测孕纸,杭州哪里有卖车云子,0.4444,1,5.26,3.231939163498099,30.747112
G:\ruc\MY_ASR\02-metric测试\sichuan\wav\G0001\G0001_0411.wav,真的有神啊鬼的吗,曾经有神日而鬼的吗,0.5,1,3.01,2.6578073089700998,52.952766
G:\ruc\MY_ASR\02-metric测试\sichuan\wav\G0001\G0001_0417.wav,哪里有卖染衣服的颜料啊,哪里有埋上衣服的颜料啊,0.1818,1,3.91,3.3248081841432224,51.82132
G:\ruc\MY_ASR\02-metric测试\sichuan\wav\G0001\G0001_0421.wav,苏格兰赫斯队在哪座城市,苏格兰贺斯队在座城市,0.1818,1,3.31,3.0211480362537766,51.586437
G:\ruc\MY_ASR\02-metric测试\sichuan\wav\G0001\G0001_0422.wav,男生你能接受的女朋友最胖的限度是什么,男人你能接受的女朋友最胖的线途是什么,0.1667,1,3.94,3.299492385786802,55.072037
G:\ruc\MY_ASR\02-metric测试\sichuan\wav\G0001\G0001_0423.wav,可以劈叉后不练以后还能吗,可以批擦后不练以后还能吗,0.1667,1,2.86,3.146853146853147,52.96339
G:\ruc\MY_ASR\02-metric测试\sichuan\wav\G0001\G0001_0425.wav,新奥尔良在哪,新二良在辣,0.5,1,5.05,3.5643564356435644,49.740074
G:\ruc\MY_ASR\02-metric测试\sichuan\wav\G0001\G0001_0426.wav,告诉我中了特洛伊木马会怎么样,告诉我从老退若妈妈会样,0.6429,1,4.51,3.5476718403547673,53.897057
G:\ruc\MY_ASR\02-metric测试\sichuan\wav\G0001\G0001_0433.wav,天生自然卷的头发怎么样才能直,天生治然卷的头发怎么样才能治,0.1429,1,4.78,3.3472803347280333,54.708614
G:\ruc\MY_ASR\02-metric测试\sichuan\wav\G0001\G0001_0434.wav,古人是怎样藏冰的,古人是怎样长兵的,0.25,1,3.25,3.3846153846153846,53.391273
G:\ruc\MY_ASR\02-metric测试\sichuan\wav\G0001\G0001_0437.wav,有哪个网站专门提供纯音乐下载吗,有个网站专门提供纯音乐下载嘛,0.1333,1,3.04,3.289473684210526,54.357178
G:\ruc\MY_ASR\02-metric测试\sichuan\wav\G0001\G0001_0439.wav,梦幻密宝能改安全码吗,梦幻密包能感安全吗吗,0.3,1,2.5,2.4,55.571632
G:\ruc\MY_ASR\02-metric测试\sichuan\wav\G0001\G0001_0446.wav,老虎遇狮子打起来的话哪个会胜利,老虎与狮子打起来的话哪个会胜你,0.1333,1,3.37,2.9673590504451037,57.028374
G:\ruc\MY_ASR\02-metric测试\sichuan\wav\G0001\G0001_0449.wav,刨芋头手痒怎么办,包芋头收痒怎么办,0.25,1,3.82,2.8795811518324608,54.907223
G:\ruc\MY_ASR\02-metric测试\sichuan\wav\G0001\G0001_0452.wav,胚包括子叶吗,配报考志愿吗,0.8333,1,2.77,2.527075812274368,55.708984
G:\ruc\MY_ASR\02-metric测试\sichuan\wav\G0001\G0001_0462.wav,有什么适合中低音的女声歌曲,有什么时候重低影的女生歌去,0.4615,1,3.88,2.577319587628866,54.43171
G:\ruc\MY_ASR\02-metric测试\sichuan\wav\G0001\G0001_0463.wav,祖冲之编定的历法叫什么名,朱冲子编境的立法叫什么名,0.3333,1,5.14,3.3073929961089497,47.585453
G:\ruc\MY_ASR\02-metric测试\sichuan\wav\G0001\G0001_0467.wav,男水瓶和女狮子能走到最后吗,男水平和女师子能走到最后吗,0.1538,1,5.68,3.1690140845070425,23.02371
G:\ruc\MY_ASR\02-metric测试\sichuan\wav\G0001\G0001_0468.wav,天黑请闭眼游戏怎么玩的啊,天黑去闭眼游戏能玩啊,0.3333,1,3.64,3.2967032967032965,55.79904
G:\ruc\MY_ASR\02-metric测试\sichuan\wav\G0001\G0001_0469.wav,名盛苑小区好不好,民盛苑小区好不好,0.125,1,5.44,3.1249999999999996,38.34942
G:\ruc\MY_ASR\02-metric测试\sichuan\wav\G0001\G0001_0471.wav,哪种维生素治脚气,哪种维生素值崛起,0.375,1,4.39,3.6446469248291575,58.66892
G:\ruc\MY_ASR\02-metric测试\sichuan\wav\G0001\G0001_0474.wav,七情六欲中的七情和六欲分别指什么,七秦流宇中的七秦和流域分别指什么,0.375,1,3.67,2.7247956403269757,55.74054
G:\ruc\MY_ASR\02-metric测试\sichuan\wav\G0001\G0001_0479.wav,一个甲子多少年,一个价值多少年,0.2857,1,3.61,2.770083102493075,52.841805
G:\ruc\MY_ASR\02-metric测试\sichuan\wav\G0001\G0001_0480.wav,猫眼石的英文是什么,冒烟水的英文是什么,0.3333,1,5.29,3.213610586011342,33.06999
G:\ruc\MY_ASR\02-metric测试\sichuan\wav\G0001\G0001_0494.wav,请问哪里有＜如果还有明天＞这首歌,请问哪里有如果还有明天这首歌,0.125,1,5.38,3.345724907063197,25.557043
G:\ruc\MY_ASR\02-metric测试\sichuan\wav\G0001\G0001_0506.wav,女生能不能适量吸烟对身体的损坏度,女神能不能适量吸烟对身体的损害度,0.125,1,4.6,3.4782608695652177,50.436157
G:\ruc\MY_ASR\02-metric测试\sichuan\wav\G0001\G0001_0507.wav,为什么我那么平静呢,为什么我平静呢,0.2222,1,3.07,2.2801302931596092,53.284264
G:\ruc\MY_ASR\02-metric测试\sichuan\wav\G0001\G0001_0509.wav,自己喜欢的女生学习太好怎么办,自己喜欢的女生血型太好怎么办,0.1429,1,3.13,2.8753993610223643,53.78908
G:\ruc\MY_ASR\02-metric测试\sichuan\wav\G0001\G0001_0513.wav,何处有废甲醇或低度甲醇卖,何处有非家虫或帝都家村卖,0.5833,1,5.08,3.543307086614173,52.49929
G:\ruc\MY_ASR\02-metric测试\sichuan\wav\G0001\G0001_0515.wav,茉莉来茶片是什么地方生产的,莫莉奶茶片是什么地方生产的,0.1538,1,4.48,3.1249999999999996,52.815384
G:\ruc\MY_ASR\02-metric测试\sichuan\wav\G0001\G0001_0517.wav,何山无石何水无鱼打一个字,生务水和水务员打一个字,0.5833,1,2.62,2.6717557251908395,55.17131
G:\ruc\MY_ASR\02-metric测试\sichuan\wav\G0001\G0001_0523.wav,爱一个人要怎样对她她才会感到幸福,爱一个人要怎样对他他才会感到幸福,0.125,1,3.22,2.795031055900621,52.167336
G:\ruc\MY_ASR\02-metric测试\sichuan\wav\G0001\G0001_0525.wav,沼气如何才能贮存,沼气如何才能储存,0.125,1,4.45,3.8202247191011236,54.14377
G:\ruc\MY_ASR\02-metric测试\sichuan\wav\G0001\G0001_0535.wav,冷饮会过期吗,能一会过期吗,0.3333,1,4.84,3.3057851239669422,53.54725
G:\ruc\MY_ASR\02-metric测试\sichuan\wav\G0001\G0001_0540.wav,花亦非是谁跟百度什么关系,花一飞是谁跟百度什么关系,0.1667,1,2.92,2.397260273972603,52.632774
G:\ruc\MY_ASR\02-metric测试\sichuan\wav\G0001\G0001_0541.wav,今年世界杯于哪一天结束,今年世界白雨哪一天结束,0.1818,1,5.35,3.1775700934579443,38.335346
G:\ruc\MY_ASR\02-metric测试\sichuan\wav\G0001\G0001_0544.wav,哪里需要特氟隆垫圈,哪里需要特氟龙垫圈,0.1111,1,,,
G:\ruc\MY_ASR\02-metric测试\sichuan\wav\G0001\G0001_0547.wav,痔疮是什么样的是不是很痒有肉疚疚吗,痔疮是什么样的是不是很痒有肉揪舅吗,0.1176,1,,,
G:\ruc\MY_ASR\02-metric测试\sichuan\wav\G0001\G0001_0550.wav,珉珉现在就读哪所学校,敏敏现在就读哪所学校,0.2,1,,,
G:\ruc\MY_ASR\02-metric测试\sichuan\wav\G0001\G0001_0555.wav,牙齿怎么变整齐有不爱塞牙缝,牙齿怎么变蒸齐又不爱晒牙缝,0.2308,1,,,
G:\ruc\MY_ASR\02-metric测试\sichuan\wav\G0001\G0001_0562.wav,玫琳凯谁用过呀效果怎么样,美凯琳谁用过呀效果怎么样,0.25,1,,,
G:\ruc\MY_ASR\02-metric测试\sichuan\wav\G0001\G0001_0570.wav,尸体的尸臭多长时间产生,尸体的丝绸多长时间产生,0.1818,1,,,
G:\ruc\MY_ASR\02-metric测试\sichuan\wav\G0001\G0001_0571.wav,究竟怎么做,究竟,0.6,1,,,
G:\ruc\MY_ASR\02-metric测试\sichuan\wav\G0001\G0001_0574.wav,一个数的平方这个平方在键盘上怎么输,一个数的平方这个平房在键盘上怎么说,0.1176,1,,,
G:\ruc\MY_ASR\02-metric测试\sichuan\wav\G0001\G0001_0580.wav,傻贵用五笔怎么怎么打出来,傻鬼用武笔怎么怎么打出来,0.1667,1,,,
G:\ruc\MY_ASR\02-metric测试\sichuan\wav\G0001\G0001_0583.wav,什么是保甲制度,什么是保价制度,0.1429,1,,,
G:\ruc\MY_ASR\02-metric测试\sichuan\wav\G0001\G0001_0585.wav,总线控制器是什么呢,中线控制器是什么呢,0.1111,1,,,
G:\ruc\MY_ASR\02-metric测试\sichuan\wav\G0001\G0001_0586.wav,劲舞团怎么下载安装,情舞团怎下载安装,0.2222,1,,,
G:\ruc\MY_ASR\02-metric测试\sichuan\wav\G0001\G0001_0594.wav,什么是生辰纲,史么是陈春江,0.6667,1,,,
G:\ruc\MY_ASR\02-metric测试\sichuan\wav\G0001\G0001_0598.wav,如何制作网站邮箱,如何置作网站邮箱,0.125,1,,,
G:\ruc\MY_ASR\02-metric测试\sichuan\wav\G0001\G0001_0599.wav,胜利石油管理局怎么样呢,城泥石油管理局能样啊,0.4545,1,,,
G:\ruc\MY_ASR\02-metric测试\sichuan\wav\G0001\G0001_0601.wav,地哩是什么意思买个说法的买怎么解,地理是什么意思每个说法的买怎么解,0.125,1,,,
G:\ruc\MY_ASR\02-metric测试\sichuan\wav\G0001\G0001_0603.wav,听说天津要出足彩单场了怎么玩啊,听说天津要出足才单场了怎么玩儿啊,0.1333,1,,,
G:\ruc\MY_ASR\02-metric测试\sichuan\wav\G0001\G0001_0606.wav,怎样洗菜和水果,怎样洗泰和水果,0.1429,1,,,
G:\ruc\MY_ASR\02-metric测试\sichuan\wav\G0001\G0001_0612.wav,冒险岛哪些任务不值得做,冒险到任务布值得,0.4545,1,,,
G:\ruc\MY_ASR\02-metric测试\sichuan\wav\G0001\G0001_0615.wav,勾股定理是谁创建的,歌定二是谁于创建,0.5556,1,,,
G:\ruc\MY_ASR\02-metric测试\sichuan\wav\G0001\G0001_0617.wav,泷泽秀明在日本红吗,侬在小命在日本哄吗,0.5556,1,,,
G:\ruc\MY_ASR\02-metric测试\sichuan\wav\G0001\G0001_0618.wav,怎么卸载虚拟光驱,怎样卸载虚拟光驱,0.125,1,,,
G:\ruc\MY_ASR\02-metric测试\sichuan\wav\G0001\G0001_0619.wav,南京名城古迹是什么,南京名城古籍是什么,0.1111,1,,,
G:\ruc\MY_ASR\02-metric测试\sichuan\wav\G0001\G0001_0621.wav,皮肤总起皮怎么办,皮肤肿期偏能办,0.625,1,,,
G:\ruc\MY_ASR\02-metric测试\sichuan\wav\G0001\G0001_0627.wav,哪有黄水谣女声独唱,哪有黄水要女生独场,0.3333,1,,,
G:\ruc\MY_ASR\02-metric测试\sichuan\wav\G0001\G0001_0628.wav,劲舞团怎么调出来情侣舞步啊谢谢,劲舞团怎么跳出来情侣舞不啊谢谢,0.1333,1,,,
G:\ruc\MY_ASR\02-metric测试\sichuan\wav\G0001\G0001_0630.wav,变压器离居民楼有多远有何规定,变压器离民居房有多远有何规定,0.2143,1,,,
G:\ruc\MY_ASR\02-metric测试\sichuan\wav\G0001\G0001_0633.wav,什么是水的比热容,沉末是随一点半钟,0.875,1,,,
G:\ruc\MY_ASR\02-metric测试\sichuan\wav\G0001\G0001_0641.wav,城南旧事小说的内容是什么,南城旧史小说的内容是什么,0.25,1,,,
G:\ruc\MY_ASR\02-metric测试\sichuan\wav\G0001\G0001_0643.wav,光速是恒定的吗,光速是恒定的嘛,0.1429,1,,,
G:\ruc\MY_ASR\02-metric测试\sichuan\wav\G0001\G0001_0651.wav,和平号哪年发射,和平好哪年发生,0.2857,1,,,
G:\ruc\MY_ASR\02-metric测试\sichuan\wav\G0001\G0001_0659.wav,卷布料时怎样使布料不紧,捐不了死怎样死不了不惊,0.7273,1,,,
G:\ruc\MY_ASR\02-metric测试\sichuan\wav\G0001\G0001_0669.wav,北展剧场网球王子怎么收费,北站剧场网球网址怎么收费,0.25,1,,,
G:\ruc\MY_ASR\02-metric测试\sichuan\wav\G0001\G0001_0671.wav,玩游戏用什么系统好,玩游戏用什系统好,0.1111,1,,,
G:\ruc\MY_ASR\02-metric测试\sichuan\wav\G0001\G0001_0676.wav,什么浏览器好,什浏览器好,0.1667,1,,,
G:\ruc\MY_ASR\02-metric测试\sichuan\wav\G0001\G0001_0677.wav,百度上搜的歌怎么才能听的到吗,百度上搜的歌怎么才能听得到嘛,0.1429,1,,,
G:\ruc\MY_ASR\02-metric测试\sichuan\wav\G0001\G0001_0688.wav,冷启动指的是哪个键,能气冬至的是哪个间,0.5556,1,,,
G:\ruc\MY_ASR\02-metric测试\sichuan\wav\G0001\G0001_0690.wav,为什么屏幕晃了下就卡死在那里了,为什么平命晃了下就卡死在那里了,0.1333,1,,,
G:\ruc\MY_ASR\02-metric测试\sichuan\wav\G0001\G0001_0691.wav,北京哪家中医院治儿童抽动症效果好,北京哪家中医院治儿童初肿症效果好,0.125,1,,,
G:\ruc\MY_ASR\02-metric测试\sichuan\wav\G0001\G0001_0695.wav,怎样加盟联通收费厅,怎样加盟联通收费艇,0.1111,1,,,
G:\ruc\MY_ASR\02-metric测试\sichuan\wav\G0001\G0001_0696.wav,怎样用刷票器呀,样用刷票签啊,0.4286,1,,,
G:\ruc\MY_ASR\02-metric测试\sichuan\wav\G0001\G0001_0698.wav,推荐一个打折狠信誉度高的网上书店,推荐一个打得很信誉度高的网上书店,0.125,1,,,
G:\ruc\MY_ASR\02-metric测试\sichuan\wav\G0001\G0001_0700.wav,党的总支部委员会可以设立纪委吗,当地总支部委员会可以设立纪委吗,0.1333,1,,,
G:\ruc\MY_ASR\02-metric测试\sichuan\wav\G0003\G0003_0002.wav,考法硕要考数学吗考数几,考法硕要靠数学吗考书记,0.2727,0,,,
G:\ruc\MY_ASR\02-metric测试\sichuan\wav\G0003\G0003_0004.wav,卡巴斯基跟江民哪个更好,卡巴斯基跟讲明哪个更好,0.1818,0,,,
G:\ruc\MY_ASR\02-metric测试\sichuan\wav\G0003\G0003_0009.wav,为什么蚂蚁等小昆虫可以在天花板上爬行,为什么妈一等小昆虫可以在天花板上爬行,0.1111,0,,,
G:\ruc\MY_ASR\02-metric测试\sichuan\wav\G0003\G0003_0011.wav,最好玩的网络游戏是,最好玩儿的网络游戏是,0.1111,0,,,
G:\ruc\MY_ASR\02-metric测试\sichuan\wav\G0003\G0003_0018.wav,梦幻西游怎么免费冲点卡,梦幻西游怎么免费充电卡,0.1818,0,,,
G:\ruc\MY_ASR\02-metric测试\sichuan\wav\G0003\G0003_0021.wav,奇迹私服怎么样复制装备请详细点,奇机师傅怎么样复制装备请详细点,0.2,0,,,
G:\ruc\MY_ASR\02-metric测试\sichuan\wav\G0003\G0003_0032.wav,艾微儿是哪家唱片公司的,艾薇尔是哪家唱片公司的,0.1818,0,,,
G:\ruc\MY_ASR\02-metric测试\sichuan\wav\G0003\G0003_0047.wav,三国时哪国经济最好,三国是哪国经济最好,0.1111,0,,,
G:\ruc\MY_ASR\02-metric测试\sichuan\wav\G0003\G0003_0048.wav,买奥托多少钱,买奥拓多少钱,0.1667,0,,,
G:\ruc\MY_ASR\02-metric测试\sichuan\wav\G0003\G0003_0049.wav,美国为什么这么富强,玫瑰为什么这么富强,0.2222,0,,,
G:\ruc\MY_ASR\02-metric测试\sichuan\wav\G0003\G0003_0050.wav,利比里亚的钱利元的英文缩写是什么,利比利亚的钱利园的英文缩写是什么,0.125,0,,,
G:\ruc\MY_ASR\02-metric测试\sichuan\wav\G0003\G0003_0053.wav,护士三班倒的时间山西地区的,护士三班岛的时间陕西地区的,0.1538,0,,,
G:\ruc\MY_ASR\02-metric测试\sichuan\wav\G0003\G0003_0054.wav,半个钟是多久,半个钟时多久,0.1667,0,,,
G:\ruc\MY_ASR\02-metric测试\sichuan\wav\G0003\G0003_0055.wav,百花中的君子是什么花,白桦中的君子是什么花,0.2,0,,,
G:\ruc\MY_ASR\02-metric测试\sichuan\wav\G0003\G0003_0057.wav,吉祥村附近哪家修眉修的好,吉祥村附近哪家修没修得好,0.1667,0,,,
G:\ruc\MY_ASR\02-metric测试\sichuan\wav\G0003\G0003_0058.wav,九江有多少所中学呀,九江有多少所中学啊,0.1111,0,,,
G:\ruc\MY_ASR\02-metric测试\sichuan\wav\G0003\G0003_0059.wav,破题儿第一遭是什么意思,婆ear第一招是什么意思,0.4545,0,,,
G:\ruc\MY_ASR\02-metric测试\sichuan\wav\G0003\G0003_0062.wav,住校有好处吗,主校有好处吗,0.1667,0,,,
G:\ruc\MY_ASR\02-metric测试\sichuan\wav\G0003\G0003_0063.wav,请问哪里有命令与征服全系列的汉化补丁,请问哪里有命令与政服全系列的汉话不定,0.2222,0,,,
G:\ruc\MY_ASR\02-metric测试\sichuan\wav\G0003\G0003_0064.wav,怎么加入笔笔歌迷会啊北京有吗,怎么加入bb歌迷会啊北京有吗,0.1429,0,,,
G:\ruc\MY_ASR\02-metric测试\sichuan\wav\G0003\G0003_0070.wav,明基是哪里的公司,民基是哪里的公司,0.125,0,,,
G:\ruc\MY_ASR\02-metric测试\sichuan\wav\G0003\G0003_0073.wav,怎样装订保管合同正本用夹子吗,怎样装订保关合同正本用架子吗,0.1429,0,,,
G:\ruc\MY_ASR\02-metric测试\sichuan\wav\G0003\G0003_0075.wav,哈市有没有哪个画室缺人的,哈市有没有哪个画室确认的,0.1667,0,,,
G:\ruc\MY_ASR\02-metric测试\sichuan\wav\G0003\G0003_0076.wav,沈阳哪有卖笔记本电脑的品牌全吗,沈阳哪有买笔记本电脑的品牌权吗,0.1333,0,,,
G:\ruc\MY_ASR\02-metric测试\sichuan\wav\G0003\G0003_0079.wav,天下间何为真英雄,天下剑何为真英雄,0.125,0,,,
G:\ruc\MY_ASR\02-metric测试\sichuan\wav\G0003\G0003_0094.wav,脚因穿袜子而起泡怎么治,叫我因穿袜子而起泡怎么治,0.1818,0,,,
G:\ruc\MY_ASR\02-metric测试\sichuan\wav\G0003\G0003_0097.wav,请问土地砒霜污染和钾过多如何治理,请问土地批损污染和价格多如何治理,0.25,0,,,
G:\ruc\MY_ASR\02-metric测试\sichuan\wav\G0003\G0003_0099.wav,尤文图斯现在走了哪些人哪些人还要走,有文图师现在走了哪些人哪些人还要走,0.1176,0,,,
G:\ruc\MY_ASR\02-metric测试\sichuan\wav\G0003\G0003_0103.wav,怎样吹横笛和埙的低音和高音,怎样吹横的和熏的低音和高音,0.1538,0,,,
G:\ruc\MY_ASR\02-metric测试\sichuan\wav\G0003\G0003_0111.wav,如何使腿变为跟模特儿一样的修长且直,如何使腿变为跟模特儿一样的修长气子,0.1176,0,,,
G:\ruc\MY_ASR\02-metric测试\sichuan\wav\G0003\G0003_0116.wav,小猪什么时候来上海签猪式会社啊,小猪什么时候来上海签主石灰社啊,0.2,0,,,
G:\ruc\MY_ASR\02-metric测试\sichuan\wav\G0003\G0003_0119.wav,周庄因何得名,周闯因何得名,0.1667,0,,,
G:\ruc\MY_ASR\02-metric测试\sichuan\wav\G0003\G0003_0122.wav,杭州的点心工具专卖店在哪啊,杭州的电信工具专卖店在哪儿啊,0.2308,0,,,
G:\ruc\MY_ASR\02-metric测试\sichuan\wav\G0003\G0003_0134.wav,小孩子为啥咬唇,小孩子为啥要蠢,0.2857,0,,,
G:\ruc\MY_ASR\02-metric测试\sichuan\wav\G0003\G0003_0136.wav,哪里可以认识南师的单身女老师啊,哪里可以认识男士的单身女老师啊,0.1333,0,,,
G:\ruc\MY_ASR\02-metric测试\sichuan\wav\G0003\G0003_0137.wav,到哪里去找人民银行研究生院的导师啊,到哪里去找人民银行研究生院的刀士啊,0.1176,0,,,
G:\ruc\MY_ASR\02-metric测试\sichuan\wav\G0003\G0003_0140.wav,哪里有下载超级女声复活赛,哪里有下载超级女生复合赛,0.1667,0,,,
G:\ruc\MY_ASR\02-metric测试\sichuan\wav\G0003\G0003_0141.wav,王蓉骂芙蓉姐姐的那首歌叫啥名字来着,汪蓉马芙蓉姐姐的那首歌叫啥名字来着,0.1176,0,,,
G:\ruc\MY_ASR\02-metric测试\sichuan\wav\G0003\G0003_0146.wav,新闻传播学晾衣绳儿式导语是第代导语,新闻传播学晾衣穗是刀屿是地带刀屿,0.5294,0,,,
G:\ruc\MY_ASR\02-metric测试\sichuan\wav\G0003\G0003_0150.wav,从日照到无锡坐汽车几点的车一天几班,从日找到无锡坐汽车机电的车一天几班,0.1765,0,,,
G:\ruc\MY_ASR\02-metric测试\sichuan\wav\G0003\G0003_0151.wav,用兽族应造哪些兵种,用手阻营造哪些兵种,0.3333,0,,,
G:\ruc\MY_ASR\02-metric测试\sichuan\wav\G0003\G0003_0153.wav,请问抽蓄症是否就是抽动症,请问抽徐镇是否就是抽董镇,0.3333,0,,,
G:\ruc\MY_ASR\02-metric测试\sichuan\wav\G0003\G0003_0155.wav,现在什么股市分析软件最好,现在什么股市飞弃软件最好,0.1667,0,,,
G:\ruc\MY_ASR\02-metric测试\sichuan\wav\G0003\G0003_0159.wav,五人共伞小人仗大人遮的下联是什么,五人共伞小人帐大人者的下联是什么,0.125,0,,,
G:\ruc\MY_ASR\02-metric测试\sichuan\wav\G0003\G0003_0160.wav,为什么安装超级兔子后下不了东西呢,为什么安装超级图纸后下不了东西呢,0.125,0,,,
G:\ruc\MY_ASR\02-metric测试\sichuan\wav\G0003\G0003_0161.wav,去易买的购物车几点什么地点可以坐,去鹰美的购物车几点什么地点可以坐,0.125,0,,,
G:\ruc\MY_ASR\02-metric测试\sichuan\wav\G0003\G0003_0162.wav,有没有什么办法消除黑头,有没有啥办法消除黑头,0.1818,0,,,
G:\ruc\MY_ASR\02-metric测试\sichuan\wav\G0003\G0003_0167.wav,牙周疼怎么办,牙轴疼怎么办,0.1667,0,,,
G:\ruc\MY_ASR\02-metric测试\sichuan\wav\G0003\G0003_0170.wav,奥版孙中山正面像银元试铸了多少枚,鳌拜孙中山正面祥银院是做了多少枚,0.375,0,,,
G:\ruc\MY_ASR\02-metric测试\sichuan\wav\G0003\G0003_0171.wav,从复旦大学到梅龙镇伊势丹怎么走,从复旦大学到梅陇镇伊士丹怎么走,0.1333,0,,,
G:\ruc\MY_ASR\02-metric测试\sichuan\wav\G0003\G0003_0172.wav,农行网银证书因为重装系统丢失该怎么办,农行网银证书又没重装系统丢失该怎么办,0.1111,0,,,
G:\ruc\MY_ASR\02-metric测试\sichuan\wav\G0003\G0003_0178.wav,南京哪有既便宜又干净的宾馆招待所也行,南京哪儿有既便宜又干净的宾馆招待所有行,0.1111,0,,,
G:\ruc\MY_ASR\02-metric测试\sichuan\wav\G0003\G0003_0180.wav,牧场物语什么是温泉蛋怎么弄到手,无常无语什么是温泉蛋怎么弄到手,0.2,0,,,
G:\ruc\MY_ASR\02-metric测试\sichuan\wav\G0003\G0003_0183.wav,啥是纯净物啊,啥是纯金屋啊,0.3333,0,,,
G:\ruc\MY_ASR\02-metric测试\sichuan\wav\G0003\G0003_0184.wav,笔记本儿电脑和台试电脑有什么不同,笔记本电脑和台式电脑有什么不同,0.125,0,,,
G:\ruc\MY_ASR\02-metric测试\sichuan\wav\G0003\G0003_0199.wav,医师技能考试分数有误如何复查,一是技能考试分数有误如何复查,0.1429,0,,,
G:\ruc\MY_ASR\02-metric测试\sichuan\wav\G0003\G0003_0204.wav,请问氟化氢在高温高压下腐蚀钢吗,请问氟化氢在高温高压下俯视钢吗,0.1333,0,,,
G:\ruc\MY_ASR\02-metric测试\sichuan\wav\G0003\G0003_0205.wav,威上模具学校好吗,伟商模具学校好吗,0.25,0,,,
G:\ruc\MY_ASR\02-metric测试\sichuan\wav\G0003\G0003_0208.wav,皮包过长作爱时有影响吗,皮包裹常坐艾屎有影响吗,0.4545,0,,,
G:\ruc\MY_ASR\02-metric测试\sichuan\wav\G0003\G0003_0209.wav,南京哪里有双立人卖,南京哪里有爽的人卖,0.2222,0,,,
G:\ruc\MY_ASR\02-metric测试\sichuan\wav\G0003\G0003_0212.wav,加碘盐的成分是啥,甲碘盐的成分是啥,0.125,0,,,
G:\ruc\MY_ASR\02-metric测试\sichuan\wav\G0003\G0003_0216.wav,夙夜惟寅直哉惟清是夏朝哪个人说的,鼠叶未隐治载为清是下朝哪个人说的,0.5,0,,,
G:\ruc\MY_ASR\02-metric测试\sichuan\wav\G0003\G0003_0218.wav,环境潮湿能引起计算机启动故障吗,环境超市能因其计算机启动故障吗,0.2667,0,,,
G:\ruc\MY_ASR\02-metric测试\sichuan\wav\G0003\G0003_0223.wav,为啥刻录时速度特别慢,为啥克鲁斯速度特别慢,0.3,0,,,
G:\ruc\MY_ASR\02-metric测试\sichuan\wav\G0003\G0003_0224.wav,为啥玉镯会无缘无故碎裂,为啥玉作会无缘无故水年,0.2727,0,,,
G:\ruc\MY_ASR\02-metric测试\sichuan\wav\G0003\G0003_0225.wav,成考还好是自考好,乘客好还是自考好,0.5,0,,,
G:\ruc\MY_ASR\02-metric测试\sichuan\wav\G0003\G0003_0228.wav,如何治疗散光给一些好的方法除了戴眼镜,如何治疗三光给一些好的方法出得戴眼镜儿,0.2222,0,,,
G:\ruc\MY_ASR\02-metric测试\sichuan\wav\G0003\G0003_0229.wav,劲乐团怎么装单机的,金乐团怎么装单机的,0.1111,0,,,
G:\ruc\MY_ASR\02-metric测试\sichuan\wav\G0003\G0003_0232.wav,什么是羽翼甘蓝,什么是雨衣甘蓝,0.2857,0,,,
G:\ruc\MY_ASR\02-metric测试\sichuan\wav\G0003\G0003_0233.wav,含有苏丹红的食品包括坛坛乡吗,含有苏丹红的食品包括弹弹香吗,0.2143,0,,,
G:\ruc\MY_ASR\02-metric测试\sichuan\wav\G0003\G0003_0235.wav,睫毛掉了会再长吗,睫毛掉了会再脏吗,0.125,0,,,
G:\ruc\MY_ASR\02-metric测试\sichuan\wav\G0003\G0003_0237.wav,现在的激光手术治疗近视如何嘞,现在的急工手术治疗金是如何的,0.3571,0,,,
G:\ruc\MY_ASR\02-metric测试\sichuan\wav\G0003\G0003_0241.wav,大学什么时候谈恋爱才是最好的时期,大学什么时候谈恋爱才是最好的事情,0.125,0,,,
G:\ruc\MY_ASR\02-metric测试\sichuan\wav\G0003\G0003_0248.wav,人的致命要害是啥,人的致命药害是啥,0.125,0,,,
G:\ruc\MY_ASR\02-metric测试\sichuan\wav\G0003\G0003_0250.wav,树是如何存活的,是不是如何存活的,0.2857,0,,,
G:\ruc\MY_ASR\02-metric测试\sichuan\wav\G0003\G0003_0254.wav,殷怎么用五笔打,鹰怎么用五弊打,0.2857,0,,,
G:\ruc\MY_ASR\02-metric测试\sichuan\wav\G0003\G0003_0264.wav,毛衣上的静电该怎样消除,毛衣裳的静点该怎样消除,0.1818,0,,,
G:\ruc\MY_ASR\02-metric测试\sichuan\wav\G0003\G0003_0265.wav,治疗儿童沙眼应该用啥眼药水,治疗儿童撒眼应该用撒眼药水,0.1538,0,,,
G:\ruc\MY_ASR\02-metric测试\sichuan\wav\G0003\G0003_0271.wav,原声大碟是啥意思,元声大德是啥意思,0.25,0,,,
G:\ruc\MY_ASR\02-metric测试\sichuan\wav\G0003\G0003_0277.wav,瓶口为什么是圆型,瓶口为什么是圆形,0.125,0,,,
G:\ruc\MY_ASR\02-metric测试\sichuan\wav\G0003\G0003_0279.wav,如来神掌最早见于哪部武侠,如来神掌最早见于拉布五下,0.3333,0,,,
G:\ruc\MY_ASR\02-metric测试\sichuan\wav\G0003\G0003_0281.wav,三短五粗是哪三短哪五粗,三端无处是哪三段哪无错,0.5455,0,,,
G:\ruc\MY_ASR\02-metric测试\sichuan\wav\G0003\G0003_0285.wav,现在啥样的手机好嘞,现在啥样的手机好呢,0.1111,0,,,
G:\ruc\MY_ASR\02-metric测试\sichuan\wav\G0003\G0003_0289.wav,猪不进去怎么办猜星歌,租不进去怎么办才行高,0.4,0,,,
G:\ruc\MY_ASR\02-metric测试\sichuan\wav\G0003\G0003_0293.wav,水瓶座啥时候的幸运日是,水瓶座啥时候儿的幸运人士,0.2727,0,,,
G:\ruc\MY_ASR\02-metric测试\sichuan\wav\G0003\G0003_0301.wav,看天下足球转播在哪儿最清晰,看天下足球转播在哪最清斜,0.1538,0,,,
G:\ruc\MY_ASR\02-metric测试\sichuan\wav\G0003\G0003_0304.wav,液晶显示器怕磁化吗,夜晶显示器怕磁化吗,0.1111,0,,,
G:\ruc\MY_ASR\02-metric测试\sichuan\wav\G0003\G0003_0307.wav,烟雨时限这首歌在哪里能下载到,言语实线这首歌在哪里能下载到,0.2857,0,,,
G:\ruc\MY_ASR\02-metric测试\sichuan\wav\G0003\G0003_0308.wav,耳机插口接触不良有啥好办法吗,耳且插口接触不了有啥好办法吗,0.1429,0,,,
G:\ruc\MY_ASR\02-metric测试\sichuan\wav\G0003\G0003_0313.wav,周杰伦的哪几首歌好听呀,周杰伦的那几首歌好听啊,0.1818,0,,,
G:\ruc\MY_ASR\02-metric测试\sichuan\wav\G0003\G0003_0315.wav,怎么关闭远程协助,怎么管别无远程协助,0.375,0,,,
G:\ruc\MY_ASR\02-metric测试\sichuan\wav\G0003\G0003_0328.wav,工作天出证是什么意思,工作添出政是什么意思,0.2,0,,,
G:\ruc\MY_ASR\02-metric测试\sichuan\wav\G0003\G0003_0332.wav,二战老片有哪些经典的嘞,二战老片有哪些景点的呢,0.2727,0,,,
G:\ruc\MY_ASR\02-metric测试\sichuan\wav\G0003\G0003_0333.wav,先报验后报关的通关模式具体是怎么样的,先报烟后报官的统管模式具体是怎么样的,0.2222,0,,,
G:\ruc\MY_ASR\02-metric测试\sichuan\wav\G0003\G0003_0335.wav,思念零乱零乱落寞的天空,思念凌乱凌乱落寞的天空,0.1818,0,,,
G:\ruc\MY_ASR\02-metric测试\sichuan\wav\G0003\G0003_0346.wav,武林外传里倪蕙兰什么时候出现啊,武林外传的刘惠兰什么时候出现啊,0.2,0,,,
G:\ruc\MY_ASR\02-metric测试\sichuan\wav\G0003\G0003_0351.wav,在宝鸡照写真能不能给个推荐,在宝鸡赵些镇能不能给个推荐,0.2308,0,,,
G:\ruc\MY_ASR\02-metric测试\sichuan\wav\G0003\G0003_0352.wav,神话在哪儿可以看免费电影儿,神话在哪可以看免费电影,0.1538,0,,,
G:\ruc\MY_ASR\02-metric测试\sichuan\wav\G0003\G0003_0361.wav,出洋相洋相这个字怎么得来,出洋乡洋乡这个词怎么得来,0.25,0,,,
G:\ruc\MY_ASR\02-metric测试\sichuan\wav\G0003\G0003_0366.wav,什么叫做被掩着了,什么叫做被淹着了,0.125,0,,,
G:\ruc\MY_ASR\02-metric测试\sichuan\wav\G0003\G0003_0370.wav,欧母定理的完全工式是什么,欧姆定理的完全公式是什么,0.1667,0,,,
G:\ruc\MY_ASR\02-metric测试\sichuan\wav\G0003\G0003_0372.wav,加图索为啥老是在场上鼓舞情绪,假兔说为啥老是在场上鼓舞琴弦,0.3571,0,,,
G:\ruc\MY_ASR\02-metric测试\sichuan\wav\G0003\G0003_0375.wav,为啥牛奶具体安神作用,为啥牛来具体安审作用,0.2,0,,,
G:\ruc\MY_ASR\02-metric测试\sichuan\wav\G0003\G0003_0378.wav,为啥要说秦始皇淫政不是嬴政吗,为啥要说秦始皇嬴政不是嬴征吗,0.1429,0,,,
G:\ruc\MY_ASR\02-metric测试\sichuan\wav\G0003\G0003_0380.wav,眼睛里有飘浮物是病吗,眼睛里有漂浮无视病吗,0.3,0,,,
G:\ruc\MY_ASR\02-metric测试\sichuan\wav\G0003\G0003_0389.wav,告诉我影吧是干什么的,告诉我英拔是干什么的,0.2,0,,,
G:\ruc\MY_ASR\02-metric测试\sichuan\wav\G0003\G0003_0390.wav,真正跑车的尾翼是可以动吗怎么动,真正跑车的唯一是可以动吗怎么动,0.1333,0,,,
G:\ruc\MY_ASR\02-metric测试\sichuan\wav\G0003\G0003_0397.wav,电脑可以用湿布擦吗,电脑可以用四不插吗,0.3333,0,,,
G:\ruc\MY_ASR\02-metric测试\sichuan\wav\G0003\G0003_0414.wav,水货在在网上没有注册吗,水货寨在网上没有注车吗,0.1818,0,,,
G:\ruc\MY_ASR\02-metric测试\sichuan\wav\G0003\G0003_0418.wav,哪个网站可教授漫画的画法,哪个网站可叫授漫画的花法,0.1667,0,,,
G:\ruc\MY_ASR\02-metric测试\sichuan\wav\G0003\G0003_0419.wav,督导是干啥的,赌导是干啥的,0.1667,0,,,
G:\ruc\MY_ASR\02-metric测试\sichuan\wav\G0003\G0003_0424.wav,内舒拿和雷特考特能否同时用,雷苏纳和雷特考特能否同时用,0.2308,0,,,
G:\ruc\MY_ASR\02-metric测试\sichuan\wav\G0003\G0003_0425.wav,北京哪儿有卖那种水晶珠帘的,北京哪有卖那种水晶珠链的,0.1538,0,,,
G:\ruc\MY_ASR\02-metric测试\sichuan\wav\G0003\G0003_0427.wav,声卡驱动怎么安,深卡驱动怎么安,0.1429,0,,,
G:\ruc\MY_ASR\02-metric测试\sichuan\wav\G0003\G0003_0433.wav,找到创世纪企业王国游戏下载地址,找到创世界企业王国的游戏下载地址,0.1333,0,,,
G:\ruc\MY_ASR\02-metric测试\sichuan\wav\G0003\G0003_0438.wav,什么是励磁场电流在什么书里面有介绍,什么是历池唱电流在什么书里面有介绍,0.1765,0,,,
G:\ruc\MY_ASR\02-metric测试\sichuan\wav\G0003\G0003_0442.wav,巴西棕榈蜡有没有价格低廉的替代品,巴西总绿那有没有价格低廉的替代品,0.1875,0,,,
G:\ruc\MY_ASR\02-metric测试\sichuan\wav\G0003\G0003_0445.wav,苍蝇为什么搓手,苍蝇为什么出售,0.2857,0,,,
G:\ruc\MY_ASR\02-metric测试\sichuan\wav\G0003\G0003_0449.wav,哪个在师院的篮球馆旁边打个野火,哪个在思源的篮球馆旁边打个野火,0.1333,0,,,
G:\ruc\MY_ASR\02-metric测试\sichuan\wav\G0003\G0003_0460.wav,李强是李小嘴吗,你强势你小嘴吗,0.4286,0,,,
G:\ruc\MY_ASR\02-metric测试\sichuan\wav\G0003\G0003_0461.wav,仰天一笑泪光寒出处何解,仰天一笑泪光含楚处何解,0.1818,0,,,
G:\ruc\MY_ASR\02-metric测试\sichuan\wav\G0003\G0003_0465.wav,天龙八部用键盘如何使用,天龙吧不用键盘如何使用,0.1818,0,,,
G:\ruc\MY_ASR\02-metric测试\sichuan\wav\G0003\G0003_0469.wav,海运倒签提单一般多少天,海运道歉提单一般多少天,0.1818,0,,,
G:\ruc\MY_ASR\02-metric测试\sichuan\wav\G0003\G0003_0470.wav,请问哪里有倾心相许和有一种爱的歌谱啊,请问哪里有倾心相许和友谊种爱的歌谱啊,0.1111,0,,,
G:\ruc\MY_ASR\02-metric测试\sichuan\wav\G0003\G0003_0473.wav,山岚是什么是自然现象还是其他,栅蓝是什么是自然现象还是其他,0.1429,0,,,
G:\ruc\MY_ASR\02-metric测试\sichuan\wav\G0003\G0003_0474.wav,历史上周瑜何病故,历史上走遇何并故,0.375,0,,,
G:\ruc\MY_ASR\02-metric测试\sichuan\wav\G0003\G0003_0483.wav,元素是怎么分类的,元数是怎么分类的,0.125,0,,,
G:\ruc\MY_ASR\02-metric测试\sichuan\wav\G0003\G0003_0485.wav,什么是手机刷机呀,什么是手机刷机啊,0.125,0,,,
G:\ruc\MY_ASR\02-metric测试\sichuan\wav\G0003\G0003_0490.wav,精神病药物导致白血球降低怎么办,精神病药无导致白血球浆的怎么办,0.2,0,,,
G:\ruc\MY_ASR\02-metric测试\sichuan\wav\G0003\G0003_0494.wav,来月精做爱会怎么样,来月经做艾会怎么样,0.2222,0,,,
G:\ruc\MY_ASR\02-metric测试\sichuan\wav\G0003\G0003_0497.wav,周杰伦的霍元甲觉的怎么样,周建伦的霍元甲觉得怎么样,0.1667,0,,,
G:\ruc\MY_ASR\02-metric测试\sichuan\wav\G0003\G0003_0499.wav,和声与复调的差别到底何在,和审与浮雕的差别到底何在,0.25,0,,,
G:\ruc\MY_ASR\02-metric测试\sichuan\wav\G0003\G0003_0503.wav,怎样用金山辞霸翻译电脑上的文档,怎样用景山词霸发译电脑上的文档,0.2,0,,,
G:\ruc\MY_ASR\02-metric测试\sichuan\wav\G0003\G0003_0510.wav,肌肉痉挛挂什么号,肌肉痉挛挂什么好,0.125,0,,,
G:\ruc\MY_ASR\02-metric测试\sichuan\wav\G0003\G0003_0522.wav,卡巴斯基哪个版本高,卡巴斯金哪个版本高,0.1111,0,,,
G:\ruc\MY_ASR\02-metric测试\sichuan\wav\G0003\G0003_0529.wav,怎样才能使纸飞机飞得远一些,怎样才能使自费机飞得远一些,0.1538,0,,,
G:\ruc\MY_ASR\02-metric测试\sichuan\wav\G0003\G0003_0530.wav,童趣写的三件事能否调换位置为什么,同区写的散件是能否调换位置为什么,0.25,0,,,
G:\ruc\MY_ASR\02-metric测试\sichuan\wav\G0003\G0003_0532.wav,水晶宫的安迪约翰逊还在水晶宫吗,水井宫的安迪约翰逊还在水井宫吗,0.1333,0,,,
G:\ruc\MY_ASR\02-metric测试\sichuan\wav\G0003\G0003_0544.wav,猫怎样复位问题,毛怎样抚位问题,0.2857,0,,,
G:\ruc\MY_ASR\02-metric测试\sichuan\wav\G0003\G0003_0546.wav,成语反义对对子,成语翻译对对子,0.2857,0,,,
G:\ruc\MY_ASR\02-metric测试\sichuan\wav\G0003\G0003_0548.wav,大米里的虫子能吃么,大米里的虫子能吃吗,0.1111,0,,,
G:\ruc\MY_ASR\02-metric测试\sichuan\wav\G0003\G0003_0555.wav,瑞星杀毒软件不是免费吗怎么要序列号呢,瑞星杀毒软件不是免费吗怎么要序拟好呢,0.1111,0,,,
G:\ruc\MY_ASR\02-metric测试\sichuan\wav\G0003\G0003_0564.wav,奥黛丽赫本的墓在哪,奥黛丽赫本的墓在哪儿,0.1111,0,,,
G:\ruc\MY_ASR\02-metric测试\sichuan\wav\G0003\G0003_0576.wav,柿子不能和什么同食,食子不能和什么同死,0.2222,0,,,
G:\ruc\MY_ASR\02-metric测试\sichuan\wav\G0003\G0003_0578.wav,古代女人例假来时用什么,古代女人离家来时用什么,0.1818,0,,,
G:\ruc\MY_ASR\02-metric测试\sichuan\wav\G0003\G0003_0581.wav,家族白发是代代相传吗,家住白发是代代相传嘛,0.2,0,,,
G:\ruc\MY_ASR\02-metric测试\sichuan\wav\G0003\G0003_0588.wav,猩猩为什么喜欢捶胸,欣星为什么喜欢捶胸,0.2222,0,,,
G:\ruc\MY_ASR\02-metric测试\sichuan\wav\G0003\G0003_0592.wav,师洋昨天那算是对高娅媛的告白吗,思阳昨天那算是对高雅园的告白吗,0.2667,0,,,
G:\ruc\MY_ASR\02-metric测试\sichuan\wav\G0003\G0003_0595.wav,把酒对饮是何夕,把酒对饮是何西,0.1429,0,,,
G:\ruc\MY_ASR\02-metric测试\sichuan\wav\G0003\G0003_0600.wav,什么时候要带卫生巾,什么时候又要带卫生巾,0.1111,0,,,
G:\ruc\MY_ASR\02-metric测试\sichuan\wav\G0003\G0003_0616.wav,我想找下载震荡波冲击波补丁,我想找下载震动波重启波补丁,0.2308,0,,,
G:\ruc\MY_ASR\02-metric测试\sichuan\wav\G0003\G0003_0618.wav,杜邦涤纶是什么杜邦莱卡技术呢,杜邦涤纶是什么独邦莱卡技术的,0.1429,0,,,
G:\ruc\MY_ASR\02-metric测试\sichuan\wav\G0003\G0003_0625.wav,华安银基通和招行的银基通有区别吗,华安应急通和招行的应急通有区别吗,0.25,0,,,
G:\ruc\MY_ASR\02-metric测试\sichuan\wav\G0003\G0003_0629.wav,乐靖宜在第七届世界锦标赛获得几枚金牌,乐锦仪在第七届世界锦标赛获得几枚金牌,0.1111,0,,,
G:\ruc\MY_ASR\02-metric测试\sichuan\wav\G0003\G0003_0630.wav,天津市快递几天才能到宝坻平邮几天,天津是快递几天才能到保底平有几天,0.25,0,,,
G:\ruc\MY_ASR\02-metric测试\sichuan\wav\G0003\G0003_0631.wav,品能标准冲电池应该怎样冲电,品能标准充电池应该怎样充电,0.1538,0,,,
G:\ruc\MY_ASR\02-metric测试\sichuan\wav\G0003\G0003_0642.wav,壁球的规则是什么,地球的规则是什么,0.125,0,,,
G:\ruc\MY_ASR\02-metric测试\sichuan\wav\G0003\G0003_0644.wav,油漆工作的人生活饮食应该注意什么,尤其工作的人生婚姻时应该注意什么,0.3125,0,,,
G:\ruc\MY_ASR\02-metric测试\sichuan\wav\G0003\G0003_0645.wav,组胺免疫球蛋白能治疗划痕症吗,左安免疫求但白能治疗划痕折吗,0.3571,0,,,
G:\ruc\MY_ASR\02-metric测试\sichuan\wav\G0003\G0003_0650.wav,吴小莉凤凰主持美吗,吴晓丽凤凰主持美吗,0.2222,0,,,
G:\ruc\MY_ASR\02-metric测试\sichuan\wav\G0003\G0003_0658.wav,安七炫的中文一天在哪儿可以下载,安琪炫的中文一天在哪可以下载,0.1333,0,,,
G:\ruc\MY_ASR\02-metric测试\sichuan\wav\G0003\G0003_0663.wav,怎样扩充字库,怎样扩充智库,0.1667,0,,,
G:\ruc\MY_ASR\02-metric测试\sichuan\wav\G0003\G0003_0665.wav,王治郅的最新消息,王志志的最新消息,0.25,0,,,
G:\ruc\MY_ASR\02-metric测试\sichuan\wav\G0003\G0003_0672.wav,王芯钰怎么样发表一下意见,王新玉怎么样发表一下意见,0.1667,0,,,
G:\ruc\MY_ASR\02-metric测试\sichuan\wav\G0003\G0003_0682.wav,伸冤得雪雪是什么意思有关成语有哪些,深渊得学学是什么意思有关成语有哪些,0.2353,0,,,
G:\ruc\MY_ASR\02-metric测试\sichuan\wav\G0003\G0003_0683.wav,化装品港货和专柜货有什么不同,化妆品干货和专柜货有什么不同,0.1429,0,,,
G:\ruc\MY_ASR\02-metric测试\sichuan\wav\G0003\G0003_0684.wav,怎样查到汽车牌号,怎样查到汽车牌号儿,0.125,0,,,
G:\ruc\MY_ASR\02-metric测试\sichuan\wav\G0003\G0003_0687.wav,在学校住宿如果晚上遗精怎么办,在学校住宿如果晚上一经怎么办,0.1429,0,,,
G:\ruc\MY_ASR\02-metric测试\sichuan\wav\G0007\G0007_0001.wav,大外用扩音设备哪里买,单位用口音设备哪里买,0.3,0,,,
G:\ruc\MY_ASR\02-metric测试\sichuan\wav\G0007\G0007_0005.wav,小黎是谁演嘞,小弟是谁演的,0.3333,0,,,
G:\ruc\MY_ASR\02-metric测试\sichuan\wav\G0007\G0007_0006.wav,如果想学影视特效应该去哪里在中国,如果想学影视谈笑应该及努力在中国,0.3125,0,,,
G:\ruc\MY_ASR\02-metric测试\sichuan\wav\G0007\G0007_0010.wav,大童子的英文怎么说,大同子的英文怎么说,0.1111,0,,,
G:\ruc\MY_ASR\02-metric测试\sichuan\wav\G0007\G0007_0011.wav,曼联王朝真的覆灭了吗,骂年王朝真的负灭了吗,0.3,0,,,
G:\ruc\MY_ASR\02-metric测试\sichuan\wav\G0007\G0007_0012.wav,移植先天性心脏病最权威的医院是哪一家,医治先天性心脏病最权威的医院是哪一家,0.1111,0,,,
G:\ruc\MY_ASR\02-metric测试\sichuan\wav\G0007\G0007_0013.wav,新宝科是什么品牌,星巴克是什么品牌,0.375,0,,,
G:\ruc\MY_ASR\02-metric测试\sichuan\wav\G0007\G0007_0014.wav,家里有红色蚂蚁爬来爬去怎么办,家里有红色毛衣跑来跑去怎么办,0.2857,0,,,
G:\ruc\MY_ASR\02-metric测试\sichuan\wav\G0007\G0007_0015.wav,和尚的袈裟为何斜披,和尚的袈裟为何斜批,0.1111,0,,,
G:\ruc\MY_ASR\02-metric测试\sichuan\wav\G0007\G0007_0017.wav,如何在博客里火起来,如何在博坑里火起来,0.1111,0,,,
G:\ruc\MY_ASR\02-metric测试\sichuan\wav\G0007\G0007_0019.wav,存铭戒指多少钱,纯银戒指多少钱,0.2857,0,,,
G:\ruc\MY_ASR\02-metric测试\sichuan\wav\G0007\G0007_0021.wav,显卡驱动安装不了,显卡驱动安装不良,0.125,0,,,
G:\ruc\MY_ASR\02-metric测试\sichuan\wav\G0007\G0007_0023.wav,人工智能类研究生报考了哪个专业,人工智能的研究生报考哪个专业,0.1333,0,,,
G:\ruc\MY_ASR\02-metric测试\sichuan\wav\G0007\G0007_0031.wav,上铺还下铺和下铺还上铺哪个容易,上铺划下铺和下铺划上铺哪个容易,0.1333,0,,,
G:\ruc\MY_ASR\02-metric测试\sichuan\wav\G0007\G0007_0032.wav,什么是原代码啊,什么是月旦码哦,0.4286,0,,,
G:\ruc\MY_ASR\02-metric测试\sichuan\wav\G0007\G0007_0036.wav,急需奥运会的英文介绍,解许奥运会的英文介绍,0.2,0,,,
G:\ruc\MY_ASR\02-metric测试\sichuan\wav\G0007\G0007_0037.wav,处女有在第二次流血的吗,处女有在第二次流血了么,0.1818,0,,,
G:\ruc\MY_ASR\02-metric测试\sichuan\wav\G0007\G0007_0038.wav,如何做胶图片的砂纸,如何做加图片的傻子,0.3333,0,,,
G:\ruc\MY_ASR\02-metric测试\sichuan\wav\G0007\G0007_0039.wav,古文诗词里对女子有什么鄙称,古文诗词里对吕制有什么别称,0.2308,0,,,
G:\ruc\MY_ASR\02-metric测试\sichuan\wav\G0007\G0007_0042.wav,侠盗车手圣安地列斯怎么安装,先道车手圣阿地里斯怎么安装,0.3077,0,,,
G:\ruc\MY_ASR\02-metric测试\sichuan\wav\G0007\G0007_0053.wav,硬盘格式化会杀除硬盘里的文件吗,硬盘格式化会删除硬盘里的文件么,0.1333,0,,,
G:\ruc\MY_ASR\02-metric测试\sichuan\wav\G0007\G0007_0054.wav,请问有没有专业人士给指点婚嫁日期,请问有没有专业人士给子的婚嫁日期,0.125,0,,,
G:\ruc\MY_ASR\02-metric测试\sichuan\wav\G0007\G0007_0056.wav,每立方默认为每立方米吗,没女方我认为没女方迷茫,0.6364,0,,,
G:\ruc\MY_ASR\02-metric测试\sichuan\wav\G0007\G0007_0059.wav,浦东哪里在找英语教师哦,浦东哪里在招音乐教师哦,0.2727,0,,,
G:\ruc\MY_ASR\02-metric测试\sichuan\wav\G0007\G0007_0063.wav,怎么创建贴吧最新吧勒,怎么创建贴吧最新版的,0.2,0,,,
G:\ruc\MY_ASR\02-metric测试\sichuan\wav\G0007\G0007_0074.wav,哪款复读机比较好,哪款佛度机比较好,0.25,0,,,
G:\ruc\MY_ASR\02-metric测试\sichuan\wav\G0007\G0007_0076.wav,今年的公务员开始什么时候开始,今年的公务员考试什么时候开始,0.1429,0,,,
G:\ruc\MY_ASR\02-metric测试\sichuan\wav\G0007\G0007_0079.wav,水货和假货有什么区别,水河和蛟河有什么区别,0.3,0,,,
G:\ruc\MY_ASR\02-metric测试\sichuan\wav\G0007\G0007_0080.wav,潘玮柏什么时候开个场,帕玮柏什么时候开过场,0.2,0,,,
G:\ruc\MY_ASR\02-metric测试\sichuan\wav\G0007\G0007_0084.wav,请问真心充面的配方二维与三维的比例,请问整心葱面的配方二位与三味的比例,0.2353,0,,,
G:\ruc\MY_ASR\02-metric测试\sichuan\wav\G0007\G0007_0086.wav,主板没地址是不是不可以重装系统,主板没电池是不是不可以重装系统,0.1333,0,,,
G:\ruc\MY_ASR\02-metric测试\sichuan\wav\G0007\G0007_0087.wav,从宝山到四季公园怎么走,从宝沙到世纪公园怎么走,0.2727,0,,,
G:\ruc\MY_ASR\02-metric测试\sichuan\wav\G0007\G0007_0088.wav,或许去哪家餐馆好还不太贵,河西区那家餐馆好还不太贵,0.3333,0,,,
G:\ruc\MY_ASR\02-metric测试\sichuan\wav\G0007\G0007_0089.wav,冒险岛通天塔任务一次能得到几个卷,冒写道通铁摊任务一次能得到几个卷,0.25,0,,,
G:\ruc\MY_ASR\02-metric测试\sichuan\wav\G0007\G0007_0091.wav,爹老司机用英语怎么说,电脑司机用英语怎么说,0.2,0,,,
G:\ruc\MY_ASR\02-metric测试\sichuan\wav\G0007\G0007_0094.wav,怎么做一个好中锋并投好蓝,怎么住一个好中风病头好难,0.4167,0,,,
G:\ruc\MY_ASR\02-metric测试\sichuan\wav\G0007\G0007_0095.wav,听说月昭乐已经算完了是真的吗,听说岳州路已经算完了是真的吗,0.2143,0,,,
G:\ruc\MY_ASR\02-metric测试\sichuan\wav\G0007\G0007_0098.wav,什么是默默的关心,什么是母母的关心,0.25,0,,,
G:\ruc\MY_ASR\02-metric测试\sichuan\wav\G0007\G0007_0101.wav,为什么孙鑫吧没有进入华人明星分类呢,为什么顺信宝没有进入华人明星分类呢,0.1765,0,,,
G:\ruc\MY_ASR\02-metric测试\sichuan\wav\G0007\G0007_0104.wav,同恩的歌在你眼里的作词和作曲是谁,痛人的歌在你眼里的主持和作曲是谁,0.25,0,,,
G:\ruc\MY_ASR\02-metric测试\sichuan\wav\G0007\G0007_0106.wav,怎样保持百褶裙的褶皱,怎样保持百战群的褶奏,0.3,0,,,
G:\ruc\MY_ASR\02-metric测试\sichuan\wav\G0007\G0007_0107.wav,为什么重力不等于引力,为什么重力不等于盈利,0.2,0,,,
G:\ruc\MY_ASR\02-metric测试\sichuan\wav\G0007\G0007_0108.wav,国际歌是在哪一年传唱至今的,估计歌是在哪一年传唱至今的,0.1538,0,,,
G:\ruc\MY_ASR\02-metric测试\sichuan\wav\G0007\G0007_0109.wav,手部皮肤比较黑的话适合不适合涂指甲油,手部皮肤比较黑的话适合不适合吐指甲药,0.1111,0,,,
G:\ruc\MY_ASR\02-metric测试\sichuan\wav\G0007\G0007_0116.wav,推荐一款家用音响,推荐一款家用音箱,0.125,0,,,
G:\ruc\MY_ASR\02-metric测试\sichuan\wav\G0007\G0007_0123.wav,哪个网站有最新的私服登陆器哦,哪个网站有最新的师傅登录器哦,0.2143,0,,,
G:\ruc\MY_ASR\02-metric测试\sichuan\wav\G0007\G0007_0124.wav,请问血精灵和达蓝丽人的坐骑分别是什么,请问谢金林和德来里人的坐骑分别是什么,0.3333,0,,,
G:\ruc\MY_ASR\02-metric测试\sichuan\wav\G0007\G0007_0128.wav,芜湖到讲的有几个是汉族的,五虎大将里有几个是汉族的,0.4167,0,,,
G:\ruc\MY_ASR\02-metric测试\sichuan\wav\G0007\G0007_0130.wav,鸟的散文应该怎么写,鸟日杀文应该怎么写,0.2222,0,,,
G:\ruc\MY_ASR\02-metric测试\sichuan\wav\G0007\G0007_0132.wav,在新浪游戏大厅里怎样赚银币,在新浪游行大厅里怎样抓硬币,0.2308,0,,,
G:\ruc\MY_ASR\02-metric测试\sichuan\wav\G0007\G0007_0135.wav,脚趾指甲老往肉里长总是又痛又肿咋回事,举子指接老往肉里长总是又痛又肿咋回事,0.1667,0,,,
G:\ruc\MY_ASR\02-metric测试\sichuan\wav\G0007\G0007_0139.wav,如何预防剪卡,如何预防减卡,0.1667,0,,,
G:\ruc\MY_ASR\02-metric测试\sichuan\wav\G0007\G0007_0141.wav,历史中分前情和后情,你是种分前勤和后情吗,0.5556,0,,,
G:\ruc\MY_ASR\02-metric测试\sichuan\wav\G0007\G0007_0147.wav,艾弗森进入过总决赛吗,爱弗生进入各种决赛吗,0.4,0,,,
G:\ruc\MY_ASR\02-metric测试\sichuan\wav\G0007\G0007_0151.wav,自费研究生一年学费是多少啊,直非研究生一年学费是多少啊,0.1538,0,,,
G:\ruc\MY_ASR\02-metric测试\sichuan\wav\G0007\G0007_0153.wav,什么是信号返送理论,什么是信号发送理论,0.1111,0,,,
G:\ruc\MY_ASR\02-metric测试\sichuan\wav\G0007\G0007_0154.wav,差评安规认证资料管理制度,查评阿规认证资料管理制度,0.1667,0,,,
G:\ruc\MY_ASR\02-metric测试\sichuan\wav\G0007\G0007_0158.wav,请问现在哪儿还有下暗与帽子与书之旅人,请问现在哪还有下与帽子雨树之女人,0.2778,0,,,
G:\ruc\MY_ASR\02-metric测试\sichuan\wav\G0007\G0007_0161.wav,标志车的标志为什么是那样一个狮子,标志车的标志为什么是那样一个市字,0.125,0,,,
G:\ruc\MY_ASR\02-metric测试\sichuan\wav\G0007\G0007_0162.wav,城市化已解决沙龙问题的关系,城市化与解决沙农问题的关系,0.1538,0,,,
G:\ruc\MY_ASR\02-metric测试\sichuan\wav\G0007\G0007_0168.wav,为什么彩虹是弯曲的而不是直的呢,为什么彩虹是挖曲的而不是折的呢,0.1333,0,,,
G:\ruc\MY_ASR\02-metric测试\sichuan\wav\G0007\G0007_0171.wav,如何删除圣湖游戏,如何删除搜狐游戏,0.25,0,,,
G:\ruc\MY_ASR\02-metric测试\sichuan\wav\G0007\G0007_0174.wav,曹家明爱程嘉欣吗,曹家明爱陈家欣吗,0.25,0,,,
G:\ruc\MY_ASR\02-metric测试\sichuan\wav\G0007\G0007_0176.wav,我右边胳肢窝的毛上长了好多东西,我右边刮着我的毛上长了好多东西,0.2,0,,,
G:\ruc\MY_ASR\02-metric测试\sichuan\wav\G0007\G0007_0177.wav,出国用什么电话最便宜,楚谷用什么电话最便宜,0.2,0,,,
G:\ruc\MY_ASR\02-metric测试\sichuan\wav\G0007\G0007_0179.wav,哪可以找到江苏网上通缉犯的名单哦,那可以找到江苏网上通缉发的名单哦,0.125,0,,,
G:\ruc\MY_ASR\02-metric测试\sichuan\wav\G0007\G0007_0182.wav,为什么蜂窝都是陆角形的,为什么蜂窝都是鲁家姓的,0.2727,0,,,
G:\ruc\MY_ASR\02-metric测试\sichuan\wav\G0007\G0007_0183.wav,天津哪里有卖视角的宠物狗的,天津哪里有卖世家的宠物狗的,0.1538,0,,,
G:\ruc\MY_ASR\02-metric测试\sichuan\wav\G0007\G0007_0184.wav,在江湖州的索爱维修中心在哪儿,浙江户州的索爱维修中心在哪儿,0.1429,0,,,
G:\ruc\MY_ASR\02-metric测试\sichuan\wav\G0007\G0007_0186.wav,公立医院用英文怎么讲,公业员用英文怎么讲,0.3,0,,,
G:\ruc\MY_ASR\02-metric测试\sichuan\wav\G0007\G0007_0190.wav,请问荆州人哪里有卖脸秘籍的,请问荆州人哪里有卖碾米机的,0.2308,0,,,
G:\ruc\MY_ASR\02-metric测试\sichuan\wav\G0007\G0007_0194.wav,咋下载电影喃,咋下载电影的,0.1667,0,,,
G:\ruc\MY_ASR\02-metric测试\sichuan\wav\G0007\G0007_0198.wav,古代人为什么称版型为厘米,古代人为什么称百姓为黎民,0.3333,0,,,
G:\ruc\MY_ASR\02-metric测试\sichuan\wav\G0007\G0007_0204.wav,肉痣随便去除真的会癌变的,肉质随便驱除真的会爱变吗,0.3333,0,,,
G:\ruc\MY_ASR\02-metric测试\sichuan\wav\G0007\G0007_0207.wav,用电脑玩混乱军团怎么创造存档文件,用电脑外混乱军团怎么查找存档文件,0.1875,0,,,
G:\ruc\MY_ASR\02-metric测试\sichuan\wav\G0007\G0007_0208.wav,有哪些解梦的网站,有哪些节目的网站,0.25,0,,,
G:\ruc\MY_ASR\02-metric测试\sichuan\wav\G0007\G0007_0209.wav,打开网络文件解码,打开网络文件键嘛,0.25,0,,,
G:\ruc\MY_ASR\02-metric测试\sichuan\wav\G0007\G0007_0210.wav,玩四驱车的秘籍方法怎么成为四驱车高手,娃市驱车的秘籍方法怎么成为市驱车高手,0.1667,0,,,
G:\ruc\MY_ASR\02-metric测试\sichuan\wav\G0007\G0007_0212.wav,怎样辨别咖啡的优劣呢,怎样辨别咖啡的诱虑呢,0.2,0,,,
G:\ruc\MY_ASR\02-metric测试\sichuan\wav\G0007\G0007_0222.wav,为什么在切水时要吸入纯氧,为什么在潜水时要吸入纯阳,0.1667,0,,,
G:\ruc\MY_ASR\02-metric测试\sichuan\wav\G0007\G0007_0232.wav,林志玲的艾雀是什么类型的,林志玲的爱却是什么类型的,0.1667,0,,,
G:\ruc\MY_ASR\02-metric测试\sichuan\wav\G0007\G0007_0235.wav,朱华气管炎很痛苦怎么办,猪化气瓜也很痛苦怎么办,0.3636,0,,,
G:\ruc\MY_ASR\02-metric测试\sichuan\wav\G0007\G0007_0236.wav,没有本地连接只有网络连接是怎么回事,没有本地链接只有网络链接是怎么回事,0.1176,0,,,
G:\ruc\MY_ASR\02-metric测试\sichuan\wav\G0007\G0007_0237.wav,九尾狐与飞天猫,九尾狐与废天猫,0.1429,0,,,
G:\ruc\MY_ASR\02-metric测试\sichuan\wav\G0007\G0007_0239.wav,如何申请农副产品免检,如何申请农户差评灭接,0.5,0,,,
G:\ruc\MY_ASR\02-metric测试\sichuan\wav\G0007\G0007_0240.wav,今年德国有个世界杯带来多少回报,今年单搁一个世界杯带来多少回报,0.2,0,,,
G:\ruc\MY_ASR\02-metric测试\sichuan\wav\G0007\G0007_0245.wav,买狗需要什么哦,my狗需要什么,0.4286,0,,,
G:\ruc\MY_ASR\02-metric测试\sichuan\wav\G0007\G0007_0247.wav,请问雄蚊子为什么不会叮人啊,请问熊文子为什么不会盯人哦,0.3077,0,,,
G:\ruc\MY_ASR\02-metric测试\sichuan\wav\G0007\G0007_0249.wav,为什么任务栏后准备图标会消失,为什么任务栏和桌面图标会消失,0.2143,0,,,
G:\ruc\MY_ASR\02-metric测试\sichuan\wav\G0007\G0007_0252.wav,到哪儿能找到古外明星名字的梵音,到哪儿能找到国外明星名字的反应,0.2,0,,,
G:\ruc\MY_ASR\02-metric测试\sichuan\wav\G0007\G0007_0256.wav,如何使用电吉他效果及软件,如何使用电吉塔效果器软件,0.1667,0,,,
G:\ruc\MY_ASR\02-metric测试\sichuan\wav\G0007\G0007_0257.wav,怎样解关于旧对子的题目,怎样解关于九队者的题目,0.2727,0,,,
G:\ruc\MY_ASR\02-metric测试\sichuan\wav\G0007\G0007_0261.wav,在哪有木马克星下载啊,在哪有木么可信下载啊,0.3,0,,,
G:\ruc\MY_ASR\02-metric测试\sichuan\wav\G0007\G0007_0262.wav,鞋在收开始变干燥擦什么油效果好一点,现在手开始变干燥擦什么油效果好一点,0.1176,0,,,
G:\ruc\MY_ASR\02-metric测试\sichuan\wav\G0007\G0007_0265.wav,附近最便宜的出租房多少钱没有,河北大学附近最便宜的出租房多少钱没有,0.2857,0,,,
G:\ruc\MY_ASR\02-metric测试\sichuan\wav\G0007\G0007_0268.wav,南京有迪秀女装吗,南京有第一秀女装吗,0.25,0,,,
G:\ruc\MY_ASR\02-metric测试\sichuan\wav\G0007\G0007_0270.wav,看那部电影你哭了,看那部电影你渴了,0.125,0,,,
G:\ruc\MY_ASR\02-metric测试\sichuan\wav\G0007\G0007_0273.wav,如何制造病毒如木马本人对这方面有兴趣,如何制造病毒如某膜本人对这方面有兴趣,0.1111,0,,,
G:\ruc\MY_ASR\02-metric测试\sichuan\wav\G0007\G0007_0278.wav,怎样可以把管理员弄成密码,怎样可以把管理员弄成面貌,0.1667,0,,,
G:\ruc\MY_ASR\02-metric测试\sichuan\wav\G0007\G0007_0279.wav,天文学家讲最亮的星星命名主第几等星,天文学家将最亮的星星命名作第几等星,0.1176,0,,,
G:\ruc\MY_ASR\02-metric测试\sichuan\wav\G0007\G0007_0280.wav,怎么样复习才是最佳,怎么样呼习才是最佳,0.1111,0,,,
G:\ruc\MY_ASR\02-metric测试\sichuan\wav\G0007\G0007_0284.wav,来电惊魂这个电影的结局什么意思哦,来电惊魂这个电影的解局什么意思啊,0.125,0,,,
G:\ruc\MY_ASR\02-metric测试\sichuan\wav\G0007\G0007_0287.wav,日需考试的英语二怎么顺利通过,自学考试的英语二怎样顺利通过,0.2143,0,,,
G:\ruc\MY_ASR\02-metric测试\sichuan\wav\G0007\G0007_0300.wav,最杜比获得之是什么,最多笔画的字是什么,0.5556,0,,,
G:\ruc\MY_ASR\02-metric测试\sichuan\wav\G0007\G0007_0304.wav,男友出轨过还能原谅吗,那有出轨个还能原谅吗,0.3,0,,,
G:\ruc\MY_ASR\02-metric测试\sichuan\wav\G0007\G0007_0306.wav,人活着怎么这么难,人喝粥怎么这么难,0.25,0,,,
G:\ruc\MY_ASR\02-metric测试\sichuan\wav\G0007\G0007_0308.wav,大学生活怎样才能过的充实静静静,大学生活怎样才能过得充实敬敬劲,0.2667,0,,,
G:\ruc\MY_ASR\02-metric测试\sichuan\wav\G0007\G0007_0312.wav,上海哪里有自制蛋糕店啊,上海哪里有资质蛋糕店啊,0.1818,0,,,
G:\ruc\MY_ASR\02-metric测试\sichuan\wav\G0007\G0007_0313.wav,内存有怎样的主用,内存有怎样的作用,0.125,0,,,
G:\ruc\MY_ASR\02-metric测试\sichuan\wav\G0007\G0007_0315.wav,篮球里两次是什么意思,拿求你两次是什么意思,0.3,0,,,
G:\ruc\MY_ASR\02-metric测试\sichuan\wav\G0007\G0007_0317.wav,人的牙齿是不是每颗都会坏包括磨牙吗,人的牙齿是不是每颗都会换包括莫药吗,0.1765,0,,,
G:\ruc\MY_ASR\02-metric测试\sichuan\wav\G0007\G0007_0318.wav,你娃娃耍长了是什么意思,你娃娃刷脏了是什么意思,0.1818,0,,,
G:\ruc\MY_ASR\02-metric测试\sichuan\wav\G0007\G0007_0322.wav,如何制作系统光盘,如何自主系统光盘,0.25,0,,,
G:\ruc\MY_ASR\02-metric测试\sichuan\wav\G0007\G0007_0323.wav,周杰伦做高露洁冰爽广告的那首是什么歌,周杰伦住高露基冰爽广告的那首是什么歌,0.1111,0,,,
G:\ruc\MY_ASR\02-metric测试\sichuan\wav\G0007\G0007_0326.wav,胡彪的电视剧恩情在哪里可以免费观看啊,附标的电视剧恩情在哪里可以免费观看啊,0.1111,0,,,
G:\ruc\MY_ASR\02-metric测试\sichuan\wav\G0007\G0007_0328.wav,曾少中的邮箱是多少,曾绍忠的邮箱是多少,0.2222,0,,,
G:\ruc\MY_ASR\02-metric测试\sichuan\wav\G0007\G0007_0331.wav,如果在澳洲想卖些中国的小东西可以吗,如果在澳洲想卖学中国的小东西可以么,0.1176,0,,,
G:\ruc\MY_ASR\02-metric测试\sichuan\wav\G0007\G0007_0333.wav,如何创造国美集团的联系方式,如何查找古美集团的联系方式,0.2308,0,,,
G:\ruc\MY_ASR\02-metric测试\sichuan\wav\G0007\G0007_0334.wav,日剧一吻定情里的入江裕树是谁演的,日剧以吻定情里的入江玉术是谁演的,0.1875,0,,,
G:\ruc\MY_ASR\02-metric测试\sichuan\wav\G0007\G0007_0335.wav,在红楼梦中道拐月是谁命名的,在红楼梦中大官员自是命名的,0.3846,0,,,
G:\ruc\MY_ASR\02-metric测试\sichuan\wav\G0007\G0007_0340.wav,贺茂懂吗的主题歌的罗马翻译是什么,黑猫动漫的主题歌的罗马反应是什么,0.375,0,,,
G:\ruc\MY_ASR\02-metric测试\sichuan\wav\G0007\G0007_0344.wav,大连哪里有角槽医德,大连哪里有浇菜的,0.4444,0,,,
G:\ruc\MY_ASR\02-metric测试\sichuan\wav\G0007\G0007_0345.wav,外液交手术的恢复期是多长,外叶角手术的恢复期是多长,0.1667,0,,,
G:\ruc\MY_ASR\02-metric测试\sichuan\wav\G0007\G0007_0346.wav,为什么有些猫也会装死,为什么有些蚂蚁会装死,0.2,0,,,
G:\ruc\MY_ASR\02-metric测试\sichuan\wav\G0007\G0007_0349.wav,我说教师能截止吗如果能的话可以干什么,我是教师能兼职吗如果能的话可以干什么,0.1667,0,,,
G:\ruc\MY_ASR\02-metric测试\sichuan\wav\G0007\G0007_0350.wav,桃李杯舞蹈封釉里面用的音乐叫什么名字,逃李北舞道风雨里面用的音乐叫什么名字,0.2778,0,,,
G:\ruc\MY_ASR\02-metric测试\sichuan\wav\G0007\G0007_0351.wav,帮我收集描写爱情的语句,帮我搜集关于描写爱情的语句,0.2727,0,,,
G:\ruc\MY_ASR\02-metric测试\sichuan\wav\G0007\G0007_0352.wav,自己怎样做域名揭晓啊,自己怎样做域民解析啊,0.3,0,,,
G:\ruc\MY_ASR\02-metric测试\sichuan\wav\G0007\G0007_0353.wav,我国第一部彩色宽荧幕故事片,我哥第一部彩色宽硬木故事片,0.2308,0,,,
G:\ruc\MY_ASR\02-metric测试\sichuan\wav\G0007\G0007_0358.wav,想送一朵永不凋谢的花给女友给点建议,想送一栋永不凋谢的话给女友给点建议,0.1176,0,,,
G:\ruc\MY_ASR\02-metric测试\sichuan\wav\G0007\G0007_0359.wav,两只老虎外挂在哪下知道准确地址,两只老虎外挂在哪下给该准确地址,0.1333,0,,,
G:\ruc\MY_ASR\02-metric测试\sichuan\wav\G0007\G0007_0361.wav,星际战网任务的机枪柄怎么造,星际炸网任务的机枪兵怎么炸,0.2308,0,,,
G:\ruc\MY_ASR\02-metric测试\sichuan\wav\G0007\G0007_0378.wav,头发拉直和染发哪个先做比较好,头发拉子和染发哪个先煮比较好,0.1429,0,,,
G:\ruc\MY_ASR\02-metric测试\sichuan\wav\G0007\G0007_0381.wav,在哪个网站上可以看到李连杰的霍元甲,在哪个网站上可以看到李连杰的活跃结,0.1765,0,,,
G:\ruc\MY_ASR\02-metric测试\sichuan\wav\G0007\G0007_0384.wav,大专门里有韩文翻译的小字叫什么名,大宅门里也韩容反的小子叫什么名,0.375,0,,,
G:\ruc\MY_ASR\02-metric测试\sichuan\wav\G0007\G0007_0385.wav,为何会双脚发麻,为何会双脚发毛,0.1429,0,,,
G:\ruc\MY_ASR\02-metric测试\sichuan\wav\G0007\G0007_0387.wav,在装修布置墙壁的时候如何做最好,在装修不置墙面的时候如何住最好,0.2,0,,,
G:\ruc\MY_ASR\02-metric测试\sichuan\wav\G0007\G0007_0390.wav,林徽因是怎样的女子,林徽英是怎样的女子,0.1111,0,,,
G:\ruc\MY_ASR\02-metric测试\sichuan\wav\G0007\G0007_0391.wav,内存调太大对电脑会降低系统性能吗,内存条太大对电脑会降低系统性能么,0.125,0,,,
G:\ruc\MY_ASR\02-metric测试\sichuan\wav\G0007\G0007_0392.wav,某个保险公司上市问题的页脚,我国保险公司上市问题的研究,0.3077,0,,,
G:\ruc\MY_ASR\02-metric测试\sichuan\wav\G0007\G0007_0396.wav,什么叫缸体里,什么叫钢体力,0.3333,0,,,
G:\ruc\MY_ASR\02-metric测试\sichuan\wav\G0007\G0007_0398.wav,现在哪些工作比较有前景我是一名大专生,现在哪些公主比较有前景我是一名大专生,0.1111,0,,,
G:\ruc\MY_ASR\02-metric测试\sichuan\wav\G0007\G0007_0404.wav,如何书写统计下载次数,如何实现统计下载次数,0.2,0,,,
G:\ruc\MY_ASR\02-metric测试\sichuan\wav\G0007\G0007_0406.wav,台电超能王的技术参数是如何的,台电超能网的技术差数是如何的,0.1429,0,,,
G:\ruc\MY_ASR\02-metric测试\sichuan\wav\G0007\G0007_0415.wav,福州哪些网站可以发布二手信息,抚州哪些网站可以反布二手信息,0.1429,0,,,
G:\ruc\MY_ASR\02-metric测试\sichuan\wav\G0007\G0007_0418.wav,哪里有卖烧鸡油,哪里有卖烧棘油,0.1429,0,,,
G:\ruc\MY_ASR\02-metric测试\sichuan\wav\G0007\G0007_0424.wav,为什么有不同的骨胶,为什么有不同的国家,0.2222,0,,,
G:\ruc\MY_ASR\02-metric测试\sichuan\wav\G0007\G0007_0428.wav,怎们样才能扩大我的知识面,怎么样才可以扩大我的知识面,0.25,0,,,
G:\ruc\MY_ASR\02-metric测试\sichuan\wav\G0007\G0007_0429.wav,什么是信息查凭信息查凭又有哪些,什么是信息产品信息产品又有哪些,0.2667,0,,,
G:\ruc\MY_ASR\02-metric测试\sichuan\wav\G0007\G0007_0432.wav,刘亦菲什么时候出专辑,刘亦菲什么时候出传记,0.2,0,,,
G:\ruc\MY_ASR\02-metric测试\sichuan\wav\G0007\G0007_0436.wav,我想找路一轮的解说事宜请帮忙,我想找鲁翊伦的解说事宜请帮忙,0.2143,0,,,
G:\ruc\MY_ASR\02-metric测试\sichuan\wav\G0007\G0007_0437.wav,怎样访问韩庚的网站,怎样访问哈根的网站,0.2222,0,,,
G:\ruc\MY_ASR\02-metric测试\sichuan\wav\G0007\G0007_0445.wav,从哪里可以下载母差物欲和地沟时代,从哪里可以下载牧场物语和帝沟时代,0.25,0,,,
G:\ruc\MY_ASR\02-metric测试\sichuan\wav\G0007\G0007_0446.wav,我要学别唱不知道从哪学起用什么软件,我要学编程不知道从哪学起用什么软件,0.1176,0,,,
G:\ruc\MY_ASR\02-metric测试\sichuan\wav\G0007\G0007_0449.wav,为何有的资料中说碳酸亚铁是褐色的,为何有的治疗中枢碳酸药体是黑色的,0.375,0,,,
G:\ruc\MY_ASR\02-metric测试\sichuan\wav\G0007\G0007_0451.wav,汉字中的耳刀旁如啊左面表示什么,汉字中的耳朵旁如阿左面表示什么,0.1333,0,,,
G:\ruc\MY_ASR\02-metric测试\sichuan\wav\G0007\G0007_0452.wav,迪斯卡大概多少钱,电视壳大概多少钱,0.375,0,,,
G:\ruc\MY_ASR\02-metric测试\sichuan\wav\G0007\G0007_0454.wav,网上在哪里玩象棋妇科等游戏最好,网上在哪里玩香气扑克等游戏最好,0.2667,0,,,
G:\ruc\MY_ASR\02-metric测试\sichuan\wav\G0007\G0007_0456.wav,捉鱼一般多长时间为好,卓浴一般多长时间喂好,0.3,0,,,
G:\ruc\MY_ASR\02-metric测试\sichuan\wav\G0007\G0007_0458.wav,五湖乱华具体内容,武湖乱话具体内容,0.25,0,,,
G:\ruc\MY_ASR\02-metric测试\sichuan\wav\G0007\G0007_0459.wav,在神话里面跟成龙对打耍太极那个人是谁,在神话里别跟成龙对夺耍太极那个人是谁,0.1111,0,,,
G:\ruc\MY_ASR\02-metric测试\sichuan\wav\G0007\G0007_0460.wav,古代中古皇帝临幸过的宫女怎么办,古代中国皇帝临行过的功率怎么办,0.2667,0,,,
G:\ruc\MY_ASR\02-metric测试\sichuan\wav\G0007\G0007_0461.wav,二次函数应该怎么学,二次函数应该怎么修,0.1111,0,,,
G:\ruc\MY_ASR\02-metric测试\sichuan\wav\G0007\G0007_0462.wav,中沙道学沙东录取通知书什么时候来,中山大学山东录取通知书什么时候来,0.1875,0,,,
G:\ruc\MY_ASR\02-metric测试\sichuan\wav\G0007\G0007_0464.wav,电视里的阳光光线为什么是鲁家姓的,电视尼的阳光光线为什么是乳角型的,0.25,0,,,
G:\ruc\MY_ASR\02-metric测试\sichuan\wav\G0007\G0007_0469.wav,怎样才能忘记以前的痛苦记忆,怎样才能忘记一切的痛苦记忆,0.1538,0,,,
G:\ruc\MY_ASR\02-metric测试\sichuan\wav\G0007\G0007_0473.wav,北京市中网侠到底是干什么的,北京四中网校到底是干什么的,0.1538,0,,,
G:\ruc\MY_ASR\02-metric测试\sichuan\wav\G0007\G0007_0474.wav,怎么样用简单的方法画字幕,怎么样用解答的方法画字幕,0.1667,0,,,
G:\ruc\MY_ASR\02-metric测试\sichuan\wav\G0007\G0007_0477.wav,经常磨牙怎治疗,经常莫药怎么治疗,0.4286,0,,,
G:\ruc\MY_ASR\02-metric测试\sichuan\wav\G0007\G0007_0480.wav,请问离军事科学院最近的考研点在哪儿,请问离沂军事科学院最近的考验店在哪,0.2353,0,,,
